Workbook

Sheet MD
A1: JOBDESC | B1: TIPE UKER | C1: COMPLETENAME | D1: KELOMPOK JABATAN | E1: UNIT KERJA | F1: PADESC | G1: UNIT KERJA_2 | H1: CORP. TITLE | I1: PSADESC | J1: KODE BRANCH | K1: ESGDESC
A2: CUSTOMER SERVICE | B2: KC | C2: Elsa Sonya Carentina | D2: Customer Service | E2: KC ABUNJANI SIPIN | F2: Region 04 Palembang | G2: SEKSI OPERASIONAL & LAYANAN | H2: Associate | I2: KC Abunjani Sipin | J2: 606 | K2: Kontrak Teller/CS
A3: CUSTOMER SERVICE | B3: KC | C3: Dita Zahrah Asna | D3: Customer Service | E3: KC ABUNJANI SIPIN | F3: Region 04 Palembang | G3: SEKSI OPERASIONAL & LAYANAN | H3: Associate | I3: KC Abunjani Sipin | J3: 606 | K3: Kontrak Teller/CS
A4: TELLER | B4: KC | C4: Caecar Janu Dilaga | D4: Teller | E4: KC ABUNJANI SIPIN | F4: Region 04 Palembang | G4: SEKSI OPERASIONAL & LAYANAN | H4: Associate | I4: KC Abunjani Sipin | J4: 606 | K4: Peserta Magang
A5: TELLER | B5: KC | C5: Siti Nabilah Khairunnisa | D5: Teller | E5: KC ABUNJANI SIPIN | F5: Region 04 Palembang | G5: SEKSI OPERASIONAL & LAYANAN | H5: Associate | I5: KC Abunjani Sipin | J5: 606 | K5: Peserta Magang
A6: UNIVERSAL BANKER | B6: KC | C6: Gusti Riski Permata | D6: Universal Banker - KC/KCP/KK | E6: KC ABUNJANI SIPIN | F6: Region 04 Palembang | G6: SEKSI OPERASIONAL & LAYANAN | H6: Associate | I6: KC Abunjani Sipin | J6: 606 | K6: Kontrak Teller/CS
A7: CUSTOMER SERVICE | B7: UN | C7: Ananda Jihan | D7: Customer Service | E7: U_5630_SIMPANG KAWAT | F7: Region 04 Palembang | G7: UNIT SIMPANG KAWAT | H7: Associate | I7: KC Abunjani Sipin | J7: 5630 | K7: Kontrak Teller/CS
A8: CUSTOMER SERVICE | B8: UN | C8: Chastity Delania Daeli | D8: Customer Service | E8: U_7042_FATAHILAH | F8: Region 04 Palembang | G8: UNIT FATAHILAH | H8: Associate | I8: KC Abunjani Sipin | J8: 7042 | K8: Kontrak Teller/CS
A9: CUSTOMER SERVICE | B9: UN | C9: Elza Dwi Safitri | D9: Customer Service | E9: U_5631_SIMPANG RIMBO | F9: Region 04 Palembang | G9: UNIT SIMPANG RIMBO | H9: Associate | I9: KC Abunjani Sipin | J9: 5631 | K9: Kontrak Teller/CS
A10: CUSTOMER SERVICE | B10: UN | C10: Sri Puji Rahayu | D10: Customer Service | E10: U_5633_SULTAN THAHA | F10: Region 04 Palembang | G10: UNIT SULTAN THAHA | H10: Associate | I10: KC Abunjani Sipin | J10: 5633 | K10: Kontrak Teller/CS
A11: CUSTOMER SERVICE | B11: UN | C11: Elga Nurhavita | D11: Customer Service | E11: U_5714_MENDALO INDAH | F11: Region 04 Palembang | G11: UNIT MENDALO INDAH | H11: Associate | I11: KC Abunjani Sipin | J11: 5714 | K11: Kontrak Teller/CS
A12: CUSTOMER SERVICE | B12: UN | C12: Muhammad Rivaldo | D12: Customer Service | E12: U_7105_PETALING | F12: Region 04 Palembang | G12: UNIT PETALING | H12: Associate | I12: KC Abunjani Sipin | J12: 7105 | K12: Kontrak Teller/CS
A13: CUSTOMER SERVICE | B13: UN | C13: Widia Hastuti | D13: Customer Service | E13: U_7103_KASANG JAYA | F13: Region 04 Palembang | G13: UNIT KASANG JAYA | H13: Associate | I13: KC Abunjani Sipin | J13: 7103 | K13: Kontrak Teller/CS
... A895: TELLER | B895: UN | C895: Dwi Syalwah Safitri | D895: Teller | E895: U_5806_PASAR BAWAH | F895: Region 04 Palembang | G895: TERAS GANG KIMTING | H895: Associate | I895: KC Tanjung Pandan | J895: 5806 | K895: Peserta Magang

Sheet REKAP ALL
A1: No | B1: Kantor Cabang | C1: Formasi CS | D1: Pemenuhan | E1: GAP | G1: No | H1: Kantor Cabang | I1: Formasi Teller | J1: Pemenuhan | K1: GAP | M1: No | N1: Kantor Cabang | O1: Formasi UB | P1: Pemenuhan | Q1: GAP
A2: 1 | B2: KC Tanjung Pandan | C2: =VLOOKUP(B2,'F KANCA'!$D$4:$H$24,4,FALSE)+(VLOOKUP(B2,'REKAP Unit'!$A$4:$C$24,2,FALSE))+(VLOOKUP(B2,'REKAP KCP'!$A$4:$C$18,2,FALSE)) -> 16 | D2: =(VLOOKUP(B2,'F KANCA'!$D$4:$H$24,5,FALSE))+(VLOOKUP(B2,'REKAP Unit'!$A$4:$C$24,3,FALSE))+(VLOOKUP(B2,'REKAP KCP'!$A$4:$C$18,3,FALSE)) -> 16 | E2: =D2-C2 -> 0 | G2: 1 | H2: KC Tanjung Pandan | I2: =VLOOKUP(H2,'F KANCA'!$D$4:$K$24,7,FALSE)+(VLOOKUP(H2,'REKAP Unit'!$A$4:$F$24,5,FALSE))+(VLOOKUP(H2,'REKAP KCP'!$A$4:$F$18,5,FALSE)) -> 16 | J2: =VLOOKUP(H2,'F KANCA'!$D$4:$K$24,8,FALSE)+(VLOOKUP(H2,'REKAP Unit'!$A$4:$F$24,6,FALSE))+(VLOOKUP(H2,'REKAP KCP'!$A$4:$F$18,6,FALSE)) -> 16 | K2: =J2-I2 -> 0 | M2: 1 | N2: KC Tanjung Pandan | O2: =VLOOKUP(N2,'F KANCA'!$D$4:$N$24,10,FALSE) -> 2 | P2: =VLOOKUP(N2,'F KANCA'!$D$4:$N$24,11,FALSE) -> 1 | Q2: =P2-O2 -> -1
A3: 2 | B3: KC Sungai Liat | C3: =VLOOKUP(B3,'F KANCA'!$D$4:$H$24,4,FALSE)+(VLOOKUP(B3,'REKAP Unit'!$A$4:$C$24,2,FALSE))+(VLOOKUP(B3,'REKAP KCP'!$A$4:$C$18,2,FALSE)) -> 22 | D3: =(VLOOKUP(B3,'F KANCA'!$D$4:$H$24,5,FALSE))+(VLOOKUP(B3,'REKAP Unit'!$A$4:$C$24,3,FALSE))+(VLOOKUP(B3,'REKAP KCP'!$A$4:$C$18,3,FALSE)) -> 22 | E3: =D3-C3 -> 0 | G3: 2 | H3: KC Sungai Liat | I3: =VLOOKUP(H3,'F KANCA'!$D$4:$K$24,7,FALSE)+(VLOOKUP(H3,'REKAP Unit'!$A$4:$F$24,5,FALSE))+(VLOOKUP(H3,'REKAP KCP'!$A$4:$F$18,5,FALSE)) -> 22 | J3: =VLOOKUP(H3,'F KANCA'!$D$4:$K$24,8,FALSE)+(VLOOKUP(H3,'REKAP Unit'!$A$4:$F$24,6,FALSE))+(VLOOKUP(H3,'REKAP KCP'!$A$4:$F$18,6,FALSE)) -> 19 | K3: =J3-I3 -> -3 | M3: 2 | N3: KC Sungai Liat | O3: =VLOOKUP(N3,'F KANCA'!$D$4:$N$24,10,FALSE) -> 1 | P3: =VLOOKUP(N3,'F KANCA'!$D$4:$N$24,11,FALSE) -> 1 | Q3: =P3-O3 -> 0
A4: 3 | B4: KC Sekayu | C4: =VLOOKUP(B4,'F KANCA'!$D$4:$H$24,4,FALSE)+(VLOOKUP(B4,'REKAP Unit'!$A$4:$C$24,2,FALSE))+(VLOOKUP(B4,'REKAP KCP'!$A$4:$C$18,2,FALSE)) -> 29 | D4: =(VLOOKUP(B4,'F KANCA'!$D$4:$H$24,5,FALSE))+(VLOOKUP(B4,'REKAP Unit'!$A$4:$C$24,3,FALSE))+(VLOOKUP(B4,'REKAP KCP'!$A$4:$C$18,3,FALSE)) -> 28 | E4: =D4-C4 -> -1 | G4: 3 | H4: KC Sekayu | I4: =VLOOKUP(H4,'F KANCA'!$D$4:$K$24,7,FALSE)+(VLOOKUP(H4,'REKAP Unit'!$A$4:$F$24,5,FALSE))+(VLOOKUP(H4,'REKAP KCP'!$A$4:$F$18,5,FALSE)) -> 22 | J4: =VLOOKUP(H4,'F KANCA'!$D$4:$K$24,8,FALSE)+(VLOOKUP(H4,'REKAP Unit'!$A$4:$F$24,6,FALSE))+(VLOOKUP(H4,'REKAP KCP'!$A$4:$F$18,6,FALSE)) -> 22 | K4: =J4-I4 -> 0 | M4: 3 | N4: KC Sekayu | O4: =VLOOKUP(N4,'F KANCA'!$D$4:$N$24,10,FALSE) -> 2 | P4: =VLOOKUP(N4,'F KANCA'!$D$4:$N$24,11,FALSE) -> 1 | Q4: =P4-O4 -> -1
A5: 4 | B5: KC Sarolangun | C5: =VLOOKUP(B5,'F KANCA'!$D$4:$H$24,4,FALSE)+(VLOOKUP(B5,'REKAP Unit'!$A$4:$C$24,2,FALSE)) -> 14 | D5: =(VLOOKUP(B5,'F KANCA'!$D$4:$H$24,5,FALSE))+(VLOOKUP(B5,'REKAP Unit'!$A$4:$C$24,3,FALSE)) -> 12 | E5: =D5-C5 -> -2 | G5: 4 | H5: KC Sarolangun | I5: =VLOOKUP(H5,'F KANCA'!$D$4:$K$24,7,FALSE)+(VLOOKUP(H5,'REKAP Unit'!$A$4:$F$24,5,FALSE)) -> 13 | J5: =VLOOKUP(H5,'F KANCA'!$D$4:$K$24,8,FALSE)+(VLOOKUP(H5,'REKAP Unit'!$A$4:$F$24,6,FALSE)) -> 13 | K5: =J5-I5 -> 0 | M5: 4 | N5: KC Sarolangun | O5: =VLOOKUP(N5,'F KANCA'!$D$4:$N$24,10,FALSE) -> 1 | P5: =VLOOKUP(N5,'F KANCA'!$D$4:$N$24,11,FALSE) -> 0 | Q5: =P5-O5 -> -1
A6: 5 | B6: KC Rimbo Bujang | C6: =VLOOKUP(B6,'F KANCA'!$D$4:$H$24,4,FALSE)+(VLOOKUP(B6,'REKAP Unit'!$A$4:$C$24,2,FALSE))+(VLOOKUP(B6,'REKAP KCP'!$A$4:$C$18,2,FALSE)) -> 18 | D6: =(VLOOKUP(B6,'F KANCA'!$D$4:$H$24,5,FALSE))+(VLOOKUP(B6,'REKAP Unit'!$A$4:$C$24,3,FALSE))+(VLOOKUP(B6,'REKAP KCP'!$A$4:$C$18,3,FALSE)) -> 18 | E6: =D6-C6 -> 0 | G6: 5 | H6: KC Rimbo Bujang | I6: =VLOOKUP(H6,'F KANCA'!$D$4:$K$24,7,FALSE)+(VLOOKUP(H6,'REKAP Unit'!$A$4:$F$24,5,FALSE))+(VLOOKUP(H6,'REKAP KCP'!$A$4:$F$18,5,FALSE)) -> 14 | J6: =VLOOKUP(H6,'F KANCA'!$D$4:$K$24,8,FALSE)+(VLOOKUP(H6,'REKAP Unit'!$A$4:$F$24,6,FALSE))+(VLOOKUP(H6,'REKAP KCP'!$A$4:$F$18,6,FALSE)) -> 14 | K6: =J6-I6 -> 0 | M6: 5 | N6: KC Rimbo Bujang | O6: =VLOOKUP(N6,'F KANCA'!$D$4:$N$24,10,FALSE) -> 1 | P6: =VLOOKUP(N6,'F KANCA'!$D$4:$N$24,11,FALSE) -> 1 | Q6: =P6-O6 -> 0
A7: 6 | B7: KC Prabumulih | C7: =VLOOKUP(B7,'F KANCA'!$D$4:$H$24,4,FALSE)+(VLOOKUP(B7,'REKAP Unit'!$A$4:$C$24,2,FALSE))+(VLOOKUP(B7,'REKAP KCP'!$A$4:$C$18,2,FALSE)) -> 21 | D7: =(VLOOKUP(B7,'F KANCA'!$D$4:$H$24,5,FALSE))+(VLOOKUP(B7,'REKAP Unit'!$A$4:$C$24,3,FALSE))+(VLOOKUP(B7,'REKAP KCP'!$A$4:$C$18,3,FALSE)) -> 18 | E7: =D7-C7 -> -3 | G7: 6 | H7: KC Prabumulih | I7: =VLOOKUP(H7,'F KANCA'!$D$4:$K$24,7,FALSE)+(VLOOKUP(H7,'REKAP Unit'!$A$4:$F$24,5,FALSE))+(VLOOKUP(H7,'REKAP KCP'!$A$4:$F$18,5,FALSE)) -> 18 | J7: =VLOOKUP(H7,'F KANCA'!$D$4:$K$24,8,FALSE)+(VLOOKUP(H7,'REKAP Unit'!$A$4:$F$24,6,FALSE))+(VLOOKUP(H7,'REKAP KCP'!$A$4:$F$18,6,FALSE)) -> 17 | K7: =J7-I7 -> -1 | M7: 6 | N7: KC Prabumulih | O7: =VLOOKUP(N7,'F KANCA'!$D$4:$N$24,10,FALSE) -> 2 | P7: =VLOOKUP(N7,'F KANCA'!$D$4:$N$24,11,FALSE) -> 2 | Q7: =P7-O7 -> 0
A8: 7 | B8: KC Pangkal Pinang | C8: =VLOOKUP(B8,'F KANCA'!$D$4:$H$24,4,FALSE)+(VLOOKUP(B8,'REKAP Unit'!$A$4:$C$24,2,FALSE))+(VLOOKUP(B8,'REKAP KK'!$A$4:$C$7,2,FALSE))+(VLOOKUP(B8,'REKAP KCP'!$A$4:$C$18,2,FALSE)) -> 27 | D8: =(VLOOKUP(B8,'F KANCA'!$D$4:$H$24,5,FALSE))+(VLOOKUP(B8,'REKAP Unit'!$A$4:$C$24,3,FALSE))+(VLOOKUP(B8,'REKAP KK'!$A$4:$C$7,3,FALSE))+(VLOOKUP(B8,'REKAP KCP'!$A$4:$C$18,3,FALSE)) -> 26 | E8: =D8-C8 -> -1 | G8: 7 | H8: KC Pangkal Pinang | I8: =VLOOKUP(H8,'F KANCA'!$D$4:$K$24,7,FALSE)+(VLOOKUP(H8,'REKAP Unit'!$A$4:$F$24,5,FALSE))+(VLOOKUP(H8,'REKAP KCP'!$A$4:$F$18,5,FALSE))+VLOOKUP(H8,'REKAP KK'!A4:F7,5,FALSE) -> 25 | J8: =VLOOKUP(H8,'F KANCA'!$D$4:$K$24,8,FALSE)+(VLOOKUP(H8,'REKAP Unit'!$A$4:$F$24,6,FALSE))+(VLOOKUP(H8,'REKAP KCP'!$A$4:$F$18,6,FALSE))+(VLOOKUP(H8,'REKAP KK'!A4:F7,6,FALSE)) -> 26 | K8: =J8-I8 -> 1 | M8: 7 | N8: KC Pangkal Pinang | O8: =VLOOKUP(N8,'F KANCA'!$D$4:$N$24,10,FALSE) -> 2 | P8: =VLOOKUP(N8,'F KANCA'!$D$4:$N$24,11,FALSE) -> 1 | Q8: =P8-O8 -> -1
A9: 8 | B9: KC Palembang Sriwijaya | C9: =VLOOKUP(B9,'F KANCA'!$D$4:$H$24,4,FALSE)+(VLOOKUP(B9,'REKAP Unit'!$A$4:$C$24,2,FALSE))+(VLOOKUP(B9,'REKAP KCP'!$A$4:$C$18,2,FALSE)) -> 41 | D9: =(VLOOKUP(B9,'F KANCA'!$D$4:$H$24,5,FALSE))+(VLOOKUP(B9,'REKAP Unit'!$A$4:$C$24,3,FALSE))+(VLOOKUP(B9,'REKAP KCP'!$A$4:$C$18,3,FALSE)) -> 40 | E9: =D9-C9 -> -1 | G9: 8 | H9: KC Palembang Sriwijaya | I9: =VLOOKUP(H9,'F KANCA'!$D$4:$K$24,7,FALSE)+(VLOOKUP(H9,'REKAP Unit'!$A$4:$F$24,5,FALSE))+(VLOOKUP(H9,'REKAP KCP'!$A$4:$F$18,5,FALSE)) -> 24 | J9: =VLOOKUP(H9,'F KANCA'!$D$4:$K$24,8,FALSE)+(VLOOKUP(H9,'REKAP Unit'!$A$4:$F$24,6,FALSE))+(VLOOKUP(H9,'REKAP KCP'!$A$4:$F$18,6,FALSE)) -> 24 | K9: =J9-I9 -> 0 | M9: 8 | N9: KC Palembang Sriwijaya | O9: =VLOOKUP(N9,'F KANCA'!$D$4:$N$24,10,FALSE) -> 2 | P9: =VLOOKUP(N9,'F KANCA'!$D$4:$N$24,11,FALSE) -> 2 | Q9: =P9-O9 -> 0
A10: 9 | B10: KC Palembang A. Rivai | C10: =VLOOKUP(B10,'F KANCA'!$D$4:$H$24,4,FALSE)+(VLOOKUP(B10,'REKAP Unit'!$A$4:$C$24,2,FALSE))+(VLOOKUP(B10,'REKAP KK'!$A$4:$C$7,2,FALSE))+(VLOOKUP(B10,'REKAP KCP'!$A$4:$C$18,2,FALSE)) -> 36 | D10: =(VLOOKUP(B10,'F KANCA'!$D$4:$H$24,5,FALSE))+(VLOOKUP(B10,'REKAP Unit'!$A$4:$C$24,3,FALSE))+(VLOOKUP(B10,'REKAP KK'!$A$4:$C$7,3,FALSE))+(VLOOKUP(B10,'REKAP KCP'!$A$4:$C$18,3,FALSE)) -> 33 | E10: =D10-C10 -> -3 | G10: 9 | H10: KC Palembang A. Rivai | I10: =VLOOKUP(H10,'F KANCA'!$D$4:$K$24,7,FALSE)+(VLOOKUP(H10,'REKAP Unit'!$A$4:$F$24,5,FALSE))+(VLOOKUP(H10,'REKAP KCP'!$A$4:$F$18,5,FALSE))+(VLOOKUP(H10,'REKAP KK'!A4:F7,5,FALSE)) -> 31 | J10: =VLOOKUP(H10,'F KANCA'!$D$4:$K$24,8,FALSE)+(VLOOKUP(H10,'REKAP Unit'!$A$4:$F$24,6,FALSE))+(VLOOKUP(H10,'REKAP KCP'!$A$4:$F$18,6,FALSE))+(VLOOKUP(H10,'REKAP KK'!A4:F7,6,FALSE)) -> 31 | K10: =J10-I10 -> 0 | M10: 9 | N10: KC Palembang A. Rivai | O10: =VLOOKUP(N10,'F KANCA'!$D$4:$N$24,10,FALSE) -> 6 | P10: =VLOOKUP(N10,'F KANCA'!$D$4:$N$24,11,FALSE) -> 6 | Q10: =P10-O10 -> 0
A11: 10 | B11: KC Pagar Alam | C11: =VLOOKUP(B11,'F KANCA'!$D$4:$H$24,4,FALSE)+(VLOOKUP(B11,'REKAP Unit'!$A$4:$C$24,2,FALSE)) -> 11 | D11: =(VLOOKUP(B11,'F KANCA'!$D$4:$H$24,5,FALSE))+(VLOOKUP(B11,'REKAP Unit'!$A$4:$C$24,3,FALSE)) -> 11 | E11: =D11-C11 -> 0 | G11: 10 | H11: KC Pagar Alam | I11: =VLOOKUP(H11,'F KANCA'!$D$4:$K$24,7,FALSE)+(VLOOKUP(H11,'REKAP Unit'!$A$4:$F$24,5,FALSE)) -> 10 | J11: =VLOOKUP(H11,'F KANCA'!$D$4:$K$24,8,FALSE)+(VLOOKUP(H11,'REKAP Unit'!$A$4:$F$24,6,FALSE)) -> 10 | K11: =J11-I11 -> 0 | M11: 10 | N11: KC Pagar Alam | O11: =VLOOKUP(N11,'F KANCA'!$D$4:$N$24,10,FALSE) -> 1 | P11: =VLOOKUP(N11,'F KANCA'!$D$4:$N$24,11,FALSE) -> 1 | Q11: =P11-O11 -> 0
A12: 11 | B12: KC Muara Enim | C12: =VLOOKUP(B12,'F KANCA'!$D$4:$H$24,4,FALSE)+(VLOOKUP(B12,'REKAP Unit'!$A$4:$C$24,2,FALSE))+(VLOOKUP(B12,'REKAP KCP'!$A$4:$C$18,2,FALSE)) -> 22 | D12: =(VLOOKUP(B12,'F KANCA'!$D$4:$H$24,5,FALSE))+(VLOOKUP(B12,'REKAP Unit'!$A$4:$C$24,3,FALSE))+(VLOOKUP(B12,'REKAP KCP'!$A$4:$C$18,3,FALSE)) -> 24 | E12: =D12-C12 -> 2 | G12: 11 | H12: KC Muara Enim | I12: =VLOOKUP(H12,'F KANCA'!$D$4:$K$24,7,FALSE)+(VLOOKUP(H12,'REKAP Unit'!$A$4:$F$24,5,FALSE))+(VLOOKUP(H12,'REKAP KCP'!$A$4:$F$18,5,FALSE)) -> 19 | J12: =VLOOKUP(H12,'F KANCA'!$D$4:$K$24,8,FALSE)+(VLOOKUP(H12,'REKAP Unit'!$A$4:$F$24,6,FALSE))+(VLOOKUP(H12,'REKAP KCP'!$A$4:$F$18,6,FALSE)) -> 21 | K12: =J12-I12 -> 2 | M12: 11 | N12: KC Muara Enim | O12: =VLOOKUP(N12,'F KANCA'!$D$4:$N$24,10,FALSE) -> 2 | P12: =VLOOKUP(N12,'F KANCA'!$D$4:$N$24,11,FALSE) -> 2 | Q12: =P12-O12 -> 0
A13: 12 | B13: KC Muara Bungo | C13: =VLOOKUP(B13,'F KANCA'!$D$4:$H$24,4,FALSE)+(VLOOKUP(B13,'REKAP Unit'!$A$4:$C$24,2,FALSE)) -> 12 | D13: =(VLOOKUP(B13,'F KANCA'!$D$4:$H$24,5,FALSE))+(VLOOKUP(B13,'REKAP Unit'!$A$4:$C$24,3,FALSE)) -> 12 | E13: =D13-C13 -> 0 | G13: 12 | H13: KC Muara Bungo | I13: =VLOOKUP(H13,'F KANCA'!$D$4:$K$24,7,FALSE)+(VLOOKUP(H13,'REKAP Unit'!$A$4:$F$24,5,FALSE)) -> 13 | J13: =VLOOKUP(H13,'F KANCA'!$D$4:$K$24,8,FALSE)+(VLOOKUP(H13,'REKAP Unit'!$A$4:$F$24,6,FALSE)) -> 13 | K13: =J13-I13 -> 0 | M13: 12 | N13: KC Muara Bungo | O13: =VLOOKUP(N13,'F KANCA'!$D$4:$N$24,10,FALSE) -> 2 | P13: =VLOOKUP(N13,'F KANCA'!$D$4:$N$24,11,FALSE) -> 1 | Q13: =P13-O13 -> -1
A14: 13 | B14: KC Muara Bulian | C14: =VLOOKUP(B14,'F KANCA'!$D$4:$H$24,4,FALSE)+(VLOOKUP(B14,'REKAP Unit'!$A$4:$C$24,2,FALSE))+(VLOOKUP(B14,'REKAP KCP'!$A$4:$C$18,2,FALSE)) -> 20 | D14: =(VLOOKUP(B14,'F KANCA'!$D$4:$H$24,5,FALSE))+(VLOOKUP(B14,'REKAP Unit'!$A$4:$C$24,3,FALSE))+(VLOOKUP(B14,'REKAP KCP'!$A$4:$C$18,3,FALSE)) -> 20 | E14: =D14-C14 -> 0 | G14: 13 | H14: KC Muara Bulian | I14: =VLOOKUP(H14,'F KANCA'!$D$4:$K$24,7,FALSE)+(VLOOKUP(H14,'REKAP Unit'!$A$4:$F$24,5,FALSE))+(VLOOKUP(H14,'REKAP KCP'!$A$4:$F$18,5,FALSE)) -> 15 | J14: =VLOOKUP(H14,'F KANCA'!$D$4:$K$24,8,FALSE)+(VLOOKUP(H14,'REKAP Unit'!$A$4:$F$24,6,FALSE))+(VLOOKUP(H14,'REKAP KCP'!$A$4:$F$18,6,FALSE)) -> 15 | K14: =J14-I14 -> 0 | M14: 13 | N14: KC Muara Bulian | O14: =VLOOKUP(N14,'F KANCA'!$D$4:$N$24,10,FALSE) -> 1 | P14: =VLOOKUP(N14,'F KANCA'!$D$4:$N$24,11,FALSE) -> 1 | Q14: =P14-O14 -> 0
A15: 14 | B15: KC Lubuk Linggau | C15: =VLOOKUP(B15,'F KANCA'!$D$4:$H$24,4,FALSE)+(VLOOKUP(B15,'REKAP Unit'!$A$4:$C$24,2,FALSE)) -> 27 | D15: =(VLOOKUP(B15,'F KANCA'!$D$4:$H$24,5,FALSE))+(VLOOKUP(B15,'REKAP Unit'!$A$4:$C$24,3,FALSE)) -> 27 | E15: =D15-C15 -> 0 | G15: 14 | H15: KC Lubuk Linggau | I15: =VLOOKUP(H15,'F KANCA'!$D$4:$K$24,7,FALSE)+(VLOOKUP(H15,'REKAP Unit'!$A$4:$F$24,5,FALSE)) -> 19 | J15: =VLOOKUP(H15,'F KANCA'!$D$4:$K$24,8,FALSE)+(VLOOKUP(H15,'REKAP Unit'!$A$4:$F$24,6,FALSE)) -> 18 | K15: =J15-I15 -> -1 | M15: 14 | N15: KC Lubuk Linggau | O15: =VLOOKUP(N15,'F KANCA'!$D$4:$N$24,10,FALSE) -> 2 | P15: =VLOOKUP(N15,'F KANCA'!$D$4:$N$24,11,FALSE) -> 1 | Q15: =P15-O15 -> -1
A16: 15 | B16: KC Lahat | C16: =VLOOKUP(B16,'F KANCA'!$D$4:$H$24,4,FALSE)+(VLOOKUP(B16,'REKAP Unit'!$A$4:$C$24,2,FALSE))+(VLOOKUP(B16,'REKAP KCP'!$A$4:$C$18,2,FALSE)) -> 17 | D16: =(VLOOKUP(B16,'F KANCA'!$D$4:$H$24,5,FALSE))+(VLOOKUP(B16,'REKAP Unit'!$A$4:$C$24,3,FALSE))+(VLOOKUP(B16,'REKAP KCP'!$A$4:$C$18,3,FALSE)) -> 14 | E16: =D16-C16 -> -3 | G16: 15 | H16: KC Lahat | I16: =VLOOKUP(H16,'F KANCA'!$D$4:$K$24,7,FALSE)+(VLOOKUP(H16,'REKAP Unit'!$A$4:$F$24,5,FALSE))+(VLOOKUP(H16,'REKAP KCP'!$A$4:$F$18,5,FALSE)) -> 16 | J16: =VLOOKUP(H16,'F KANCA'!$D$4:$K$24,8,FALSE)+(VLOOKUP(H16,'REKAP Unit'!$A$4:$F$24,6,FALSE))+(VLOOKUP(H16,'REKAP KCP'!$A$4:$F$18,6,FALSE)) -> 17 | K16: =J16-I16 -> 1 | M16: 15 | N16: KC Lahat | O16: =VLOOKUP(N16,'F KANCA'!$D$4:$N$24,10,FALSE) -> 1 | P16: =VLOOKUP(N16,'F KANCA'!$D$4:$N$24,11,FALSE) -> 1 | Q16: =P16-O16 -> 0
A17: 16 | B17: KC Kuala Tungkal | C17: =VLOOKUP(B17,'F KANCA'!$D$4:$H$24,4,FALSE)+(VLOOKUP(B17,'REKAP Unit'!$A$4:$C$24,2,FALSE))+(VLOOKUP(B17,'REKAP KK'!$A$4:$C$7,2,FALSE))+(VLOOKUP(B17,'REKAP KCP'!$A$4:$C$18,2,FALSE)) -> 23 | D17: =(VLOOKUP(B17,'F KANCA'!$D$4:$H$24,5,FALSE))+(VLOOKUP(B17,'REKAP Unit'!$A$4:$C$24,3,FALSE))+(VLOOKUP(B17,'REKAP KCP'!$A$4:$C$18,3,FALSE))+(VLOOKUP(B17,'REKAP KK'!$A$4:$C$7,3,FALSE)) -> 24 | E17: =D17-C17 -> 1 | G17: 16 | H17: KC Kuala Tungkal | I17: =VLOOKUP(H17,'F KANCA'!$D$4:$K$24,7,FALSE)+(VLOOKUP(H17,'REKAP Unit'!$A$4:$F$24,5,FALSE))+(VLOOKUP(H17,'REKAP KCP'!$A$4:$F$18,5,FALSE))+(VLOOKUP(H17,'REKAP KK'!A4:F7,5,FALSE)) -> 20 | J17: =VLOOKUP(H17,'F KANCA'!$D$4:$K$24,8,FALSE)+(VLOOKUP(H17,'REKAP Unit'!$A$4:$F$24,6,FALSE))+(VLOOKUP(H17,'REKAP KCP'!$A$4:$F$18,6,FALSE))+(VLOOKUP(H17,'REKAP KK'!A4:F7,6,FALSE)) -> 20 | K17: =J17-I17 -> 0 | M17: 16 | N17: KC Kuala Tungkal | O17: =VLOOKUP(N17,'F KANCA'!$D$4:$N$24,10,FALSE) -> 2 | P17: =VLOOKUP(N17,'F KANCA'!$D$4:$N$24,11,FALSE) -> 1 | Q17: =P17-O17 -> -1
A18: 17 | B18: KC Kayu Agung | C18: =VLOOKUP(B18,'F KANCA'!$D$4:$H$24,4,FALSE)+(VLOOKUP(B18,'REKAP Unit'!$A$4:$C$24,2,FALSE))+(VLOOKUP(B18,'REKAP KCP'!$A$4:$C$18,2,FALSE)) -> 37 | D18: =(VLOOKUP(B18,'F KANCA'!$D$4:$H$24,5,FALSE))+(VLOOKUP(B18,'REKAP Unit'!$A$4:$C$24,3,FALSE))+(VLOOKUP(B18,'REKAP KCP'!$A$4:$C$18,3,FALSE)) -> 37 | E18: =D18-C18 -> 0 | G18: 17 | H18: KC Kayu Agung | I18: =VLOOKUP(H18,'F KANCA'!$D$4:$K$24,7,FALSE)+(VLOOKUP(H18,'REKAP Unit'!$A$4:$F$24,5,FALSE))+(VLOOKUP(H18,'REKAP KCP'!$A$4:$F$18,5,FALSE)) -> 30 | J18: =VLOOKUP(H18,'F KANCA'!$D$4:$K$24,8,FALSE)+(VLOOKUP(H18,'REKAP Unit'!$A$4:$F$24,6,FALSE))+(VLOOKUP(H18,'REKAP KCP'!$A$4:$F$18,6,FALSE)) -> 30 | K18: =J18-I18 -> 0 | M18: 17 | N18: KC Kayu Agung | O18: =VLOOKUP(N18,'F KANCA'!$D$4:$N$24,10,FALSE) -> 2 | P18: =VLOOKUP(N18,'F KANCA'!$D$4:$N$24,11,FALSE) -> 1 | Q18: =P18-O18 -> -1
A19: 18 | B19: KC Jambi | C19: =VLOOKUP(B19,'F KANCA'!$D$4:$H$24,4,FALSE)+(VLOOKUP(B19,'REKAP Unit'!$A$4:$C$24,2,FALSE))+(VLOOKUP(B19,'REKAP KK'!$A$4:$C$7,2,FALSE)) -> 23 | D19: =(VLOOKUP(B19,'F KANCA'!$D$4:$H$24,5,FALSE))+(VLOOKUP(B19,'REKAP Unit'!$A$4:$C$24,3,FALSE))+(VLOOKUP(B19,'REKAP KK'!$A$4:$C$7,3,FALSE))+(VLOOKUP(B19,'REKAP KCP'!$A$4:$C$18,3,FALSE)) -> 22 | E19: =D19-C19 -> -1 | G19: 18 | H19: KC Jambi | I19: =VLOOKUP(H19,'F KANCA'!$D$4:$K$24,7,FALSE)+(VLOOKUP(H19,'REKAP Unit'!$A$4:$F$24,5,FALSE))+(VLOOKUP(H19,'REKAP KCP'!$A$4:$F$18,5,FALSE))+(VLOOKUP(H19,'REKAP KK'!A4:F7,5,FALSE)) -> 20 | J19: =VLOOKUP(H19,'F KANCA'!$D$4:$K$24,8,FALSE)+(VLOOKUP(H19,'REKAP Unit'!$A$4:$F$24,6,FALSE))+(VLOOKUP(H19,'REKAP KCP'!$A$4:$F$18,6,FALSE))+(VLOOKUP(H19,'REKAP KK'!A4:F7,6,FALSE)) -> 18 | K19: =J19-I19 -> -2 | M19: 18 | N19: KC Jambi | O19: =VLOOKUP(N19,'F KANCA'!$D$4:$N$24,10,FALSE) -> 4 | P19: =VLOOKUP(N19,'F KANCA'!$D$4:$N$24,11,FALSE) -> 4 | Q19: =P19-O19 -> 0
A20: 19 | B20: KC Baturaja | C20: =VLOOKUP(B20,'F KANCA'!$D$4:$H$24,4,FALSE)+(VLOOKUP(B20,'REKAP Unit'!$A$4:$C$24,2,FALSE))+(VLOOKUP(B20,'REKAP KCP'!$A$4:$C$18,2,FALSE)) -> 36 | D20: =(VLOOKUP(B20,'F KANCA'!$D$4:$H$24,5,FALSE))+(VLOOKUP(B20,'REKAP Unit'!$A$4:$C$24,3,FALSE))+(VLOOKUP(B20,'REKAP KCP'!$A$4:$C$18,3,FALSE)) -> 34 | E20: =D20-C20 -> -2 | G20: 19 | H20: KC Baturaja | I20: =VLOOKUP(H20,'F KANCA'!$D$4:$K$24,7,FALSE)+(VLOOKUP(H20,'REKAP Unit'!$A$4:$F$24,5,FALSE))+(VLOOKUP(H20,'REKAP KCP'!$A$4:$F$18,5,FALSE)) -> 30 | J20: =VLOOKUP(H20,'F KANCA'!$D$4:$K$24,8,FALSE)+(VLOOKUP(H20,'REKAP Unit'!$A$4:$F$24,6,FALSE))+(VLOOKUP(H20,'REKAP KCP'!$A$4:$F$18,6,FALSE)) -> 30 | K20: =J20-I20 -> 0 | M20: 19 | N20: KC Baturaja | O20: =VLOOKUP(N20,'F KANCA'!$D$4:$N$24,10,FALSE) -> 2 | P20: =VLOOKUP(N20,'F KANCA'!$D$4:$N$24,11,FALSE) -> 1 | Q20: =P20-O20 -> -1
A21: 20 | B21: KC Bangko | C21: =VLOOKUP(B21,'F KANCA'!$D$4:$H$24,4,FALSE)+(VLOOKUP(B21,'REKAP Unit'!$A$4:$C$24,2,FALSE)) -> 17 | D21: =(VLOOKUP(B21,'F KANCA'!$D$4:$H$24,5,FALSE))+(VLOOKUP(B21,'REKAP Unit'!$A$4:$C$24,3,FALSE)) -> 16 | E21: =D21-C21 -> -1 | G21: 20 | H21: KC Bangko | I21: =VLOOKUP(H21,'F KANCA'!$D$4:$K$24,7,FALSE)+(VLOOKUP(H21,'REKAP Unit'!$A$4:$F$24,5,FALSE)) -> 14 | J21: =VLOOKUP(H21,'F KANCA'!$D$4:$K$24,8,FALSE)+(VLOOKUP(H21,'REKAP Unit'!$A$4:$F$24,6,FALSE)) -> 14 | K21: =J21-I21 -> 0 | M21: 20 | N21: KC Bangko | O21: =VLOOKUP(N21,'F KANCA'!$D$4:$N$24,10,FALSE) -> 1 | P21: =VLOOKUP(N21,'F KANCA'!$D$4:$N$24,11,FALSE) -> 1 | Q21: =P21-O21 -> 0
A22: 21 | B22: KC Abunjani Sipin | C22: =VLOOKUP(B22,'F KANCA'!$D$4:$H$24,4,FALSE)+(VLOOKUP(B22,'REKAP Unit'!$A$4:$C$24,2,FALSE)) -> 22 | D22: =(VLOOKUP(B22,'F KANCA'!$D$4:$H$24,5,FALSE))+(VLOOKUP(B22,'REKAP Unit'!$A$4:$C$24,3,FALSE)) -> 13 | E22: =D22-C22 -> -9 | G22: 21 | H22: KC Abunjani Sipin | I22: =VLOOKUP(H22,'F KANCA'!$D$4:$K$24,7,FALSE)+(VLOOKUP(H22,'REKAP Unit'!$A$4:$F$24,5,FALSE)) -> 12 | J22: =VLOOKUP(H22,'F KANCA'!$D$4:$K$24,8,FALSE)+(VLOOKUP(H22,'REKAP Unit'!$A$4:$F$24,6,FALSE)) -> 12 | K22: =J22-I22 -> 0 | M22: 21 | N22: KC Abunjani Sipin | O22: =VLOOKUP(N22,'F KANCA'!$D$4:$N$24,10,FALSE) -> 1 | P22: =VLOOKUP(N22,'F KANCA'!$D$4:$N$24,11,FALSE) -> 1 | Q22: =P22-O22 -> 0
A23: Total | C23: =SUM(C2:C22) -> 491 | D23: =SUM(D2:D22) -> 467 | E23: =SUM(E2:E22) -> -24 | G23: Total | I23: =SUM(I2:I22) -> 403 | J23: =SUM(J2:J22) -> 400 | K23: =SUM(K2:K22) -> -3 | M23: Total | O23: =SUM(O2:O22) -> 40 | P23: =SUM(P2:P22) -> 31 | Q23: =SUM(Q2:Q22) -> -9

Sheet F KANCA
A1: FORMASI JABATAN KANCA
A2: PERIODE :Jan 2025
A3: NO | B3: REGIONAL OFFICE | C3: KODE KANTOR CABANG | D3: KANTOR CABANG | E3: KELAS KANCA | F3: PERIODE | G3: Formasi Customer Service | H3: Existing | I3: GAP | J3: Formasi Teller | K3: Existing | L3: GAP | M3: Formasi UB | N3: Existing | O3: GAP
A4: 1 | B4: Palembang | C4: 131 | D4: KC Tanjung Pandan | E4: IIIA | F4: Jan 2025 | G4: 3 | H4: 3 | I4: =H4-G4 -> 0 | J4: 4 | K4: 4 | L4: =K4-J4 -> 0 | M4: 2 | N4: 1 | O4: =N4-M4 -> -1
A5: 2 | B5: Palembang | C5: 324 | D5: KC Sungai Liat | E5: IIIA | F5: Jan 2025 | G5: 2 | H5: 2 | I5: =H5-G5 -> 0 | J5: 3 | K5: 3 | L5: =K5-J5 -> 0 | M5: 1 | N5: 1 | O5: =N5-M5 -> 0
A6: 3 | B6: Palembang | C6: 164 | D6: KC Sekayu | E6: IIIA | F6: Jan 2025 | G6: 3 | H6: 4 | I6: =H6-G6 -> 1 | J6: 4 | K6: 4 | L6: =K6-J6 -> 0 | M6: 2 | N6: 1 | O6: =N6-M6 -> -1
A7: 4 | B7: Palembang | C7: 604 | D7: KC Sarolangun | E7: IIIB | F7: Jan 2025 | G7: 2 | H7: 3 | I7: =H7-G7 -> 1 | J7: 3 | K7: 3 | L7: =K7-J7 -> 0 | M7: 1 | N7: 0 | O7: =N7-M7 -> -1
A8: 5 | B8: Palembang | C8: 607 | D8: KC Rimbo Bujang | E8: IIIB | F8: Jan 2025 | G8: 2 | H8: 2 | I8: =H8-G8 -> 0 | J8: 2 | K8: 2 | L8: =K8-J8 -> 0 | M8: 1 | N8: 1 | O8: =N8-M8 -> 0
A9: 6 | B9: Palembang | C9: 184 | D9: KC Prabumulih | E9: IIIA | F9: Jan 2025 | G9: 2 | H9: 1 | I9: =H9-G9 -> -1 | J9: 4 | K9: 3 | L9: =K9-J9 -> -1 | M9: 2 | N9: 2 | O9: =N9-M9 -> 0
A10: 7 | B10: Palembang | C10: 63 | D10: KC Pangkal Pinang | E10: IIA | F10: Jan 2025 | G10: 5 | H10: 4 | I10: =H10-G10 -> -1 | J10: 4 | K10: 4 | L10: =K10-J10 -> 0 | M10: 2 | N10: 1 | O10: =N10-M10 -> -1
A11: 8 | B11: Palembang | C11: 342 | D11: KC Palembang Sriwijaya | E11: IB | F11: Jan 2025 | G11: 4 | H11: 3 | I11: =H11-G11 -> -1 | J11: 3 | K11: 4 | L11: =K11-J11 -> 1 | M11: 2 | N11: 2 | O11: =N11-M11 -> 0
A12: 9 | B12: Palembang | C12: 59 | D12: KC Palembang A. Rivai | E12: IA | F12: Jan 2025 | G12: 5 | H12: 4 | I12: =H12-G12 -> -1 | J12: 7 | K12: 7 | L12: =K12-J12 -> 0 | M12: 6 | N12: 6 | O12: =N12-M12 -> 0
A13: 10 | B13: Palembang | C13: 138 | D13: KC Pagar Alam | E13: IIIB | F13: Jan 2025 | G13: 2 | H13: 2 | I13: =H13-G13 -> 0 | J13: 3 | K13: 3 | L13: =K13-J13 -> 0 | M13: 1 | N13: 1 | O13: =N13-M13 -> 0
A14: 11 | B14: Palembang | C14: 128 | D14: KC Muara Enim | E14: IIIB | F14: Jan 2025 | G14: 2 | H14: 2 | I14: =H14-G14 -> 0 | J14: 3 | K14: 3 | L14: =K14-J14 -> 0 | M14: 2 | N14: 2 | O14: =N14-M14 -> 0
A15: 12 | B15: Palembang | C15: 160 | D15: KC Muara Bungo | E15: IIIA | F15: Jan 2025 | G15: 2 | H15: 2 | I15: =H15-G15 -> 0 | J15: 4 | K15: 4 | L15: =K15-J15 -> 0 | M15: 2 | N15: 1 | O15: =N15-M15 -> -1
... A24: 21 | B24: Palembang | C24: 606 | D24: KC Abunjani Sipin | E24: IIIB | F24: Jan 2025 | G24: 2 | H24: 2 | I24: =H24-G24 -> 0 | J24: 2 | K24: 2 | L24: =K24-J24 -> 0 | M24: 1 | N24: 1 | O24: =N24-M24 -> 0
G25: =SUM(G4:G24) -> 54 | H25: =SUM(H4:H24) -> 53 | I25: =SUM(I4:I24) -> -1 | J25: =SUM(J4:J24) -> 73 | K25: =SUM(K4:K24) -> 75 | L25: =SUM(L4:L24) -> 2 | M25: =SUM(M4:M24) -> 40 | N25: =SUM(N4:N24) -> 31 | O25: =SUM(O4:O24) -> -9

Sheet REKAP KCP
A3: Row Labels | B3: Sum of Formasi Customer Service | C3: Sum of Existing | D3: Sum of GAP | E3: Sum of Formasi Teller | F3: Sum of Existing2 | G3: Sum of GAP2
A4: KC Baturaja | B4: 3 | C4: 2 | D4: -1 | E4: 2 | F4: 2 | G4: 0
A5: KC Jambi | B5: 3 | C5: 3 | D5: 0 | E5: 2 | F5: 2 | G5: 0
A6: KC Kayu Agung | B6: 4 | C6: 4 | D6: 0 | E6: 2 | F6: 2 | G6: 0
A7: KC Kuala Tungkal | B7: 2 | C7: 2 | D7: 0 | E7: 2 | F7: 2 | G7: 0
A8: KC Lahat | B8: 1 | C8: 1 | D8: 0 | E8: 1 | F8: 1 | G8: 0
A9: KC Muara Bulian | B9: 1 | C9: 1 | D9: 0 | E9: 1 | F9: 1 | G9: 0
A10: KC Muara Enim | B10: 2 | C10: 2 | D10: 0 | E10: 1 | F10: 1 | G10: 0
A11: KC Palembang A. Rivai | B11: 3 | C11: 3 | D11: 0 | E11: 3 | F11: 3 | G11: 0
A12: KC Palembang Sriwijaya | B12: 10 | C12: 10 | D12: 0 | E12: 6 | F12: 6 | G12: 0
A13: KC Pangkal Pinang | B13: 3 | C13: 3 | D13: 0 | E13: 3 | F13: 3 | G13: 0
A14: KC Prabumulih | B14: 2 | C14: 2 | D14: 0 | E14: 1 | F14: 1 | G14: 0
A15: KC Rimbo Bujang | B15: 2 | C15: 2 | D15: 0 | E15: 1 | F15: 1 | G15: 0
... A19: Grand Total | B19: 43 | C19: 42 | D19: -1 | E19: 31 | F19: 31 | G19: 0

Sheet F KCP
A1: FORMASI JABATAN KCP
A2: PERIODE :Jan 2025
A3: NO | B3: REGIONAL OFFICE | C3: KODE KANTOR CABANG | D3: KANTOR CABANG | E3: KODE KCP | F3: CABANG PEMBANTU | G3: KELAS KCP | H3: PERIODE | I3: Formasi Customer Service | J3: Existing | K3: GAP | L3: Formasi Teller | M3: Existing | N3: GAP
A4: 1 | B4: Palembang | C4: 131 | D4: KC Tanjung Pandan | E4: 2093 | F4: KCP MANGGAR | G4: IIIA | H4: Jan 2025 | I4: 1 | J4: =VLOOKUP(E4,Sheet12!$A$5:$C$32,2,FALSE) -> 1 | K4: =J4-I4 -> 0 | L4: 2 | M4: =VLOOKUP(E4,Sheet12!$A$5:$C$32,3,FALSE) -> 2 | N4: =M4-L4 -> 0
A5: 2 | B5: Palembang | C5: 324 | D5: KC Sungai Liat | E5: 2145 | F5: KCP BELINYU | G5: IIIA | H5: Jan 2025 | I5: 1 | J5: =VLOOKUP(E5,Sheet12!$A$5:$C$32,2,FALSE) -> 1 | K5: =J5-I5 -> 0 | L5: 1 | M5: =VLOOKUP(E5,Sheet12!$A$5:$C$32,3,FALSE) -> 1 | N5: =M5-L5 -> 0
A6: 3 | B6: Palembang | C6: 164 | D6: KC Sekayu | E6: 670 | F6: KCP SUNGAI LILIN SEKAYU | G6: IIIA | H6: Jan 2025 | I6: 2 | J6: =VLOOKUP(E6,Sheet12!$A$5:$C$32,2,FALSE) -> 2 | K6: =J6-I6 -> 0 | L6: 1 | M6: =VLOOKUP(E6,Sheet12!$A$5:$C$32,3,FALSE) -> 1 | N6: =M6-L6 -> 0
A7: 4 | B7: Palembang | C7: 164 | D7: KC Sekayu | E7: 1100 | F7: KCP PANGKALAN BALAI | G7: IIIA | H7: Jan 2025 | I7: 2 | J7: =VLOOKUP(E7,Sheet12!$A$5:$C$32,2,FALSE) -> 2 | K7: =J7-I7 -> 0 | L7: 1 | M7: =VLOOKUP(E7,Sheet12!$A$5:$C$32,3,FALSE) -> 1 | N7: =M7-L7 -> 0
A8: 5 | B8: Palembang | C8: 607 | D8: KC Rimbo Bujang | E8: 2292 | F8: KCP Muara Tebo | G8: IIIB | H8: Jan 2025 | I8: 2 | J8: =VLOOKUP(E8,Sheet12!$A$5:$C$32,2,FALSE) -> 2 | K8: =J8-I8 -> 0 | L8: 1 | M8: =VLOOKUP(E8,Sheet12!$A$5:$C$32,3,FALSE) -> 1 | N8: =M8-L8 -> 0
A9: 6 | B9: Palembang | C9: 184 | D9: KC Prabumulih | E9: 2279 | F9: KCP PENDOPO | G9: IIIA | H9: Jan 2025 | I9: 2 | J9: =VLOOKUP(E9,Sheet12!$A$5:$C$32,2,FALSE) -> 2 | K9: =J9-I9 -> 0 | L9: 1 | M9: =VLOOKUP(E9,Sheet12!$A$5:$C$32,3,FALSE) -> 1 | N9: =M9-L9 -> 0
A10: 7 | B10: Palembang | C10: 63 | D10: KC Pangkal Pinang | E10: 2091 | F10: KCP TOBOALI | G10: IIA | H10: Jan 2025 | I10: 1 | J10: =VLOOKUP(E10,Sheet12!$A$5:$C$32,2,FALSE) -> 1 | K10: =J10-I10 -> 0 | L10: 1 | M10: =VLOOKUP(E10,Sheet12!$A$5:$C$32,3,FALSE) -> 1 | N10: =M10-L10 -> 0
A11: 8 | B11: Palembang | C11: 324 | D11: KC Sungai Liat | E11: 2090 | F11: KCP MENTOK | G11: IIIA | H11: Jan 2025 | I11: 1 | J11: =VLOOKUP(E11,Sheet12!$A$5:$C$32,2,FALSE) -> 1 | K11: =J11-I11 -> 0 | L11: 1 | M11: =VLOOKUP(E11,Sheet12!$A$5:$C$32,3,FALSE) -> 1 | N11: =M11-L11 -> 0
A12: 9 | B12: Palembang | C12: 63 | D12: KC Pangkal Pinang | E12: 2194 | F12: KCP KOBA | G12: IIA | H12: Jan 2025 | I12: 1 | J12: =VLOOKUP(E12,Sheet12!$A$5:$C$32,2,FALSE) -> 1 | K12: =J12-I12 -> 0 | L12: 1 | M12: =VLOOKUP(E12,Sheet12!$A$5:$C$32,3,FALSE) -> 1 | N12: =M12-L12 -> 0
A13: 10 | B13: Palembang | C13: 63 | D13: KC Pangkal Pinang | E13: 2193 | F13: KCP DEPATI AMIR | G13: IIA | H13: Jan 2025 | I13: 1 | J13: =VLOOKUP(E13,Sheet12!$A$5:$C$32,2,FALSE) -> 1 | K13: =J13-I13 -> 0 | L13: 1 | M13: =VLOOKUP(E13,Sheet12!$A$5:$C$32,3,FALSE) -> 1 | N13: =M13-L13 -> 0
A14: 11 | B14: Palembang | C14: 342 | D14: KC Palembang Sriwijaya | E14: 1103 | F14: KCP LEMABANG | G14: IB | H14: Jan 2025 | I14: 2 | J14: =VLOOKUP(E14,Sheet12!$A$5:$C$32,2,FALSE) -> 2 | K14: =J14-I14 -> 0 | L14: 1 | M14: =VLOOKUP(E14,Sheet12!$A$5:$C$32,3,FALSE) -> 1 | N14: =M14-L14 -> 0
A15: 12 | B15: Palembang | C15: 342 | D15: KC Palembang Sriwijaya | E15: 2206 | F15: KCP PASAR SAKO KENTEN | G15: IB | H15: Jan 2025 | I15: 2 | J15: =VLOOKUP(E15,Sheet12!$A$5:$C$32,2,FALSE) -> 2 | K15: =J15-I15 -> 0 | L15: 1 | M15: =VLOOKUP(E15,Sheet12!$A$5:$C$32,3,FALSE) -> 1 | N15: =M15-L15 -> 0
... A31: 28 | B31: Palembang | C31: 8 | D31: KC Baturaja | E31: 697 | F31: KCP GUMAWANG | G31: IIIA | H31: Jan 2025 | I31: 2 | J31: =VLOOKUP(E31,Sheet12!$A$5:$C$32,2,FALSE) -> 1 | K31: =J31-I31 -> -1 | L31: 1 | M31: =VLOOKUP(E31,Sheet12!$A$5:$C$32,3,FALSE) -> 1 | N31: =M31-L31 -> 0
I32: =SUM(I4:I31) -> 43 | J32: =SUM(J4:J31) -> 42 | K32: =SUM(K4:K31) -> -1 | L32: =SUM(L4:L31) -> 31 | M32: =SUM(M4:M31) -> 31 | N32: =SUM(N4:N31) -> 0

Sheet REKAP Unit
A3: Row Labels | B3: Sum of Formasi Customer Service Unit | C3: Sum of Existing | D3: Sum of GAP | E3: Sum of Formasi Teller Unit | F3: Sum of Existing2 | G3: Sum of GAP2
A4: KC Abunjani Sipin | B4: 20 | C4: 11 | D4: -9 | E4: 10 | F4: 10 | G4: 0
A5: KC Bangko | B5: 14 | C5: 13 | D5: -1 | E5: 11 | F5: 11 | G5: 0
A6: KC Baturaja | B6: 30 | C6: 28 | D6: -2 | E6: 24 | F6: 23 | G6: 0
A7: KC Jambi | B7: 19 | C7: 16 | D7: -3 | E7: 13 | F7: 11 | G7: -2
A8: KC Kayu Agung | B8: 31 | C8: 31 | D8: 0 | E8: 25 | F8: 25 | G8: 0
A9: KC Kuala Tungkal | B9: 19 | C9: 19 | D9: 0 | E9: 14 | F9: 14 | G9: 0
A10: KC Lahat | B10: 14 | C10: 11 | D10: -3 | E10: 12 | F10: 12 | G10: 0
A11: KC Lubuk Linggau | B11: 25 | C11: 25 | D11: 0 | E11: 15 | F11: 14 | G11: -1
A12: KC Muara Bulian | B12: 17 | C12: 17 | D12: 0 | E12: 11 | F12: 11 | G12: 0
A13: KC Muara Bungo | B13: 10 | C13: 10 | D13: 0 | E13: 9 | F13: 9 | G13: 0
A14: KC Muara Enim | B14: 18 | C14: 20 | D14: 2 | E14: 15 | F14: 17 | G14: 2
A15: KC Pagar Alam | B15: 9 | C15: 9 | D15: 0 | E15: 7 | F15: 7 | G15: 0
... A25: Grand Total | B25: 391 | C25: 367 | D25: -24 | E25: 290 | F25: 285 | G25: -4

Sheet F UNIT
A1: FORMASI JABATAN UNIT
A2: PERIODE :Jan 2025 | K2: FORMASI JABATAN UNIT-20-01-2025
A3: NO | B3: REGIONAL OFFICE | C3: KODE KANTOR CABANG | D3: KANTOR CABANG | E3: KODE UNIT | F3: TYPE UNIT | G3: UNIT/TERAS | H3: Formasi Customer Service Unit | I3: Existing | J3: GAP | K3: Formasi Teller Unit | L3: Existing | M3: GAP
A4: 1 | B4: Palembang | C4: 604 | D4: KC Sarolangun | E4: 8062 | G4: TERAS Tanah Abang | H4: 1 | I4: =VLOOKUP(E4,Sheet13!$A$5:$C$33,2,FALSE) -> 1 | J4: =I4-H4 -> 0 | K4: 1 | L4: =VLOOKUP(E4,Sheet13!$A$5:$C$33,3,FALSE) -> 1 | M4: =L4-K4 -> 0
A5: 2 | B5: Palembang | C5: 63 | D5: KC Pangkal Pinang | E5: 7142 | G5: TERAS Pasar Namang | H5: 1 | I5: =VLOOKUP(E5,Sheet13!$A$5:$C$33,2,FALSE) -> 1 | J5: =I5-H5 -> 0 | K5: 1 | L5: =VLOOKUP(E5,Sheet13!$A$5:$C$33,3,FALSE) -> 1 | M5: =L5-K5 -> 0
A6: 3 | B6: Palembang | C6: 131 | D6: KC Tanjung Pandan | E6: 5806 | G6: TERAS Pasar Gang Kimting | H6: 1 | I6: =VLOOKUP(E6,Sheet13!$A$5:$C$33,2,FALSE) -> 1 | J6: =I6-H6 -> 0 | K6: 1 | L6: =VLOOKUP(E6,Sheet13!$A$5:$C$33,3,FALSE) -> 1 | M6: =L6-K6 -> 0
A7: 4 | B7: Palembang | C7: 342 | D7: KC Palembang Sriwijaya | E7: 5788 | G7: TERAS Pasar Tanjung Siapi Api | H7: 1 | I7: =VLOOKUP(E7,Sheet13!$A$5:$C$33,2,FALSE) -> 1 | J7: =I7-H7 -> 0 | K7: 1 | L7: =VLOOKUP(E7,Sheet13!$A$5:$C$33,3,FALSE) -> 1 | M7: =L7-K7 -> 0
A8: 5 | B8: Palembang | C8: 63 | D8: KC Pangkal Pinang | E8: 5765 | G8: TERAS Pasar Pagi Pangkal Pinang | H8: 1 | I8: =VLOOKUP(E8,Sheet13!$A$5:$C$33,2,FALSE) -> 1 | J8: =I8-H8 -> 0 | K8: 1 | L8: =VLOOKUP(E8,Sheet13!$A$5:$C$33,3,FALSE) -> 1 | M8: =L8-K8 -> 0
A9: 6 | B9: Palembang | C9: 63 | D9: KC Pangkal Pinang | E9: 5764 | G9: TERAS Pasar Lubuk Besar | H9: 1 | I9: =VLOOKUP(E9,Sheet13!$A$5:$C$33,2,FALSE) -> 1 | J9: =I9-H9 -> 0 | K9: 1 | L9: =VLOOKUP(E9,Sheet13!$A$5:$C$33,3,FALSE) -> 1 | M9: =L9-K9 -> 0
A10: 7 | B10: Palembang | C10: 342 | D10: KC Palembang Sriwijaya | E10: 5761 | G10: TERAS Pasar Sako | H10: 1 | I10: =VLOOKUP(E10,Sheet13!$A$5:$C$33,2,FALSE) -> 1 | J10: =I10-H10 -> 0 | K10: 1 | L10: =VLOOKUP(E10,Sheet13!$A$5:$C$33,3,FALSE) -> 1 | M10: =L10-K10 -> 0
A11: 8 | B11: Palembang | C11: 342 | D11: KC Palembang Sriwijaya | E11: 5739 | G11: TERAS Pasar Talang Jambe | H11: 1 | I11: =VLOOKUP(E11,Sheet13!$A$5:$C$33,2,FALSE) -> 1 | J11: =I11-H11 -> 0 | K11: 1 | L11: =VLOOKUP(E11,Sheet13!$A$5:$C$33,3,FALSE) -> 1 | M11: =L11-K11 -> 0
A12: 9 | B12: Palembang | C12: 138 | D12: KC Pagar Alam | E12: 5736 | G12: TERAS Pasar Nendagung | H12: 1 | I12: =VLOOKUP(E12,Sheet13!$A$5:$C$33,2,FALSE) -> 1 | J12: =I12-H12 -> 0 | K12: 1 | L12: =VLOOKUP(E12,Sheet13!$A$5:$C$33,3,FALSE) -> 1 | M12: =L12-K12 -> 0
A13: 10 | B13: Palembang | C13: 128 | D13: KC Muara Enim | E13: 5732 | G13: TERAS Pasar Tanjung Enim | H13: 1 | I13: =VLOOKUP(E13,Sheet13!$A$5:$C$33,2,FALSE) -> 1 | J13: =I13-H13 -> 0 | K13: 1 | L13: =VLOOKUP(E13,Sheet13!$A$5:$C$33,3,FALSE) -> 1 | M13: =L13-K13 -> 0
A14: 11 | B14: Palembang | C14: 128 | D14: KC Muara Enim | E14: 5730 | G14: TERAS Pasar Muara Harapan | H14: 1 | I14: =VLOOKUP(E14,Sheet13!$A$5:$C$33,2,FALSE) -> 2 | J14: =I14-H14 -> 1 | K14: 1 | L14: =VLOOKUP(E14,Sheet13!$A$5:$C$33,3,FALSE) -> 2 | M14: =L14-K14 -> 1
A15: 12 | B15: Palembang | C15: 128 | D15: KC Muara Enim | E15: 5730 | G15: TERAS Pasar Ujan Mas | H15: 1 | I15: =VLOOKUP(E15,Sheet13!$A$5:$C$33,2,FALSE) -> 2 | J15: =I15-H15 -> 1 | K15: 1 | L15: =VLOOKUP(E15,Sheet13!$A$5:$C$33,3,FALSE) -> 2 | M15: =L15-K15 -> 1
... A19: 16 | B19: Palembang | C19: 607 | D19: KC Rimbo Bujang | E19: 5725 | G19: TERAS Simpang Niam | H19: 1 | I19: =VLOOKUP(E19,Sheet13!$A$5:$C$33,2,FALSE) -> 1 | J19: =I19-H19 -> 0 | K19: 1 | L19: =VLOOKUP(E19,Sheet13!$A$5:$C$33,3,FALSE) -> 1 | M19: =L19-K19 -> 0
A20: 17 | B20: Palembang | C20: 160 | D20: KC Muara Bungo | E20: 5724 | G20: TERAS Pasar Atas Jambi | H20: 0 | I20: 0 | J20: =I20-H20 -> 0 | K20: 0 | L20: 0 | M20: =L20-K20 -> 0
A21: 18 | B21: Palembang | C21: 129 | D21: KC Lubuk Linggau | E21: 5683 | G21: TERAS Pasar Inpres | H21: 0 | I21: 0 | J21: =I21-H21 -> 0 | K21: 0 | L21: 0 | M21: =L21-K21 -> 0 | N21: Tutup
A22: 19 | B22: Palembang | C22: 40 | D22: KC Lahat | E22: 5675 | G22: TERAS Pasar Ptm Square | H22: 1 | I22: =VLOOKUP(E22,Sheet13!$A$5:$C$33,2,FALSE) -> 0 | J22: =I22-H22 -> -1 | K22: 1 | L22: =VLOOKUP(E22,Sheet13!$A$5:$C$33,3,FALSE) -> 1 | M22: =L22-K22 -> 0
A23: 20 | B23: Palembang | C23: 179 | D23: KC Kuala Tungkal | E23: 5669 | G23: TERAS Pasar TPI | H23: 0 | I23: 0 | J23: =I23-H23 -> 0 | K23: 0 | L23: 0 | M23: =L23-K23 -> 0
A24: 21 | B24: Palembang | C24: 20 | D24: KC Jambi | E24: 5634 | G24: TERAS Pasar Baru Talang Banjar | H24: 0 | I24: 0 | J24: =I24-H24 -> 0 | K24: 0 | L24: 0 | M24: =L24-K24 -> 0
A25: 22 | B25: Palembang | C25: 20 | D25: KC Jambi | E25: 5628 | G25: TERAS Pasar Induk Angso Duo | H25: 1 | I25: =VLOOKUP(E25,Sheet13!$A$5:$C$33,2,FALSE) -> 0 | J25: =I25-H25 -> -1 | K25: 1 | L25: =VLOOKUP(E25,Sheet13!$A$5:$C$33,3,FALSE) -> 1 | M25: =L25-K25 -> 0
A26: 23 | B26: Palembang | C26: 8 | D26: KC Baturaja | E26: 5611 | G26: TERAS Pasar Martapura Oku | H26: 1 | I26: =VLOOKUP(E26,Sheet13!$A$5:$C$33,2,FALSE) -> 1 | J26: =I26-H26 -> 0 | K26: 1 | L26: =VLOOKUP(E26,Sheet13!$A$5:$C$33,3,FALSE) -> 1 | M26: =L26-K26 -> 0
A27: 24 | B27: Palembang | C27: 8 | D27: KC Baturaja | E27: 5609 | G27: TERAS Pasar Sidorahayu | H27: 1 | I27: =VLOOKUP(E27,Sheet13!$A$5:$C$33,2,FALSE) -> 1 | J27: =I27-H27 -> 0 | K27: 1 | L27: =VLOOKUP(E27,Sheet13!$A$5:$C$33,3,FALSE) -> 1 | M27: =L27-K27 -> 0
A28: 25 | B28: Palembang | C28: 8 | D28: KC Baturaja | E28: 5605 | G28: TERAS Pasar Unit 6 Oku Timur | H28: 1 | I28: =VLOOKUP(E28,Sheet13!$A$5:$C$33,2,FALSE) -> 1 | J28: =I28-H28 -> 0 | K28: 1 | L28: =VLOOKUP(E28,Sheet13!$A$5:$C$33,3,FALSE) -> 1 | M28: =L28-K28 -> 0
A29: 26 | B29: Palembang | C29: 604 | D29: KC Sarolangun | E29: 5604 | G29: TERAS Pasar Singkut | H29: 1 | I29: =VLOOKUP(E29,Sheet13!$A$5:$C$33,2,FALSE) -> 1 | J29: =I29-H29 -> 0 | K29: 1 | L29: =VLOOKUP(E29,Sheet13!$A$5:$C$33,3,FALSE) -> 1 | M29: =L29-K29 -> 0
A30: 27 | B30: Palembang | C30: 275 | D30: KC Bangko | E30: 5602 | G30: TERAS Pasar SPC | H30: 0 | I30: 0 | J30: =I30-H30 -> 0 | K30: 0 | L30: 0 | M30: =L30-K30 -> 0
A31: 28 | B31: Palembang | C31: 184 | D31: KC Prabumulih | E31: 3557 | G31: TERAS Pasar Pendopo | H31: 0 | I31: 0 | J31: =I31-H31 -> 0 | K31: 0 | L31: 0 | M31: =L31-K31 -> 0
A32: 29 | B32: Palembang | C32: 607 | D32: KC Rimbo Bujang | E32: 3554 | G32: TERAS Pasar Muara Tebo | H32: 1 | I32: =VLOOKUP(E32,Sheet13!$A$5:$C$33,2,FALSE) -> 1 | J32: =I32-H32 -> 0 | K32: 1 | L32: =VLOOKUP(E32,Sheet13!$A$5:$C$33,3,FALSE) -> 1 | M32: =L32-K32 -> 0
A33: 30 | B33: Palembang | C33: 40 | D33: KC Lahat | E33: 3550 | G33: TERAS Pasar Ilir | H33: 1 | I33: =VLOOKUP(E33,Sheet13!$A$5:$C$33,2,FALSE) -> 1 | J33: =I33-H33 -> 0 | K33: 1 | L33: =VLOOKUP(E33,Sheet13!$A$5:$C$33,3,FALSE) -> 1 | M33: =L33-K33 -> 0
A34: 31 | B34: Palembang | C34: 63 | D34: KC Pangkal Pinang | E34: 3397 | G34: TERAS Pasar Pasir Putih | H34: 1 | I34: =VLOOKUP(E34,Sheet13!$A$5:$C$33,2,FALSE) -> 1 | J34: =I34-H34 -> 0 | K34: 1 | L34: =VLOOKUP(E34,Sheet13!$A$5:$C$33,3,FALSE) -> 1 | M34: =L34-K34 -> 0
A35: 32 | B35: Palembang | C35: 607 | D35: KC Rimbo Bujang | E35: 3395 | G35: TERAS Pasar Sarinah Rimbo Bujang | H35: 1 | I35: =VLOOKUP(E35,Sheet13!$A$5:$C$33,2,FALSE) -> 1 | J35: =I35-H35 -> 0 | K35: 1 | L35: =VLOOKUP(E35,Sheet13!$A$5:$C$33,3,FALSE) -> 1 | M35: =L35-K35 -> 0
A36: 33 | B36: Palembang | C36: 40 | D36: KC Lahat | E36: 3393 | G36: TERAS Kavling | H36: 1 | I36: =VLOOKUP(E36,Sheet13!$A$5:$C$33,2,FALSE) -> 1 | J36: =I36-H36 -> 0 | K36: 1 | L36: =VLOOKUP(E36,Sheet13!$A$5:$C$33,3,FALSE) -> 1 | M36: =L36-K36 -> 0
A37: 34 | B37: Palembang | C37: 275 | D37: KC Bangko | E37: 3388 | G37: TERAS Pasar Baru Bangko | H37: 1 | I37: =VLOOKUP(E37,Sheet13!$A$5:$C$33,2,FALSE) -> 1 | J37: =I37-H37 -> 0 | K37: 1 | L37: =VLOOKUP(E37,Sheet13!$A$5:$C$33,3,FALSE) -> 1 | M37: =L37-K37 -> 0
A38: 35 | B38: Palembang | C38: 604 | D38: KC Sarolangun | E38: 3373 | G38: TERAS Pasar Sarolangun | H38: 1 | I38: =VLOOKUP(E38,Sheet13!$A$5:$C$33,2,FALSE) -> 1 | J38: =I38-H38 -> 0 | K38: 1 | L38: =VLOOKUP(E38,Sheet13!$A$5:$C$33,3,FALSE) -> 1 | M38: =L38-K38 -> 0
A39: 36 | B39: Palembang | C39: 8 | D39: KC Baturaja | E39: 3286 | G39: TERAS Pasar Baru Baturaja | H39: 1 | I39: =VLOOKUP(E39,Sheet13!$A$5:$C$33,2,FALSE) -> 1 | J39: =I39-H39 -> 0 | K39: 1 | L39: =VLOOKUP(E39,Sheet13!$A$5:$C$33,3,FALSE) -> 1 | M39: =L39-K39 -> 0
A40: 37 | B40: Palembang | C40: 342 | D40: KC Palembang Sriwijaya | E40: 7043 | G40: UNIT SIMPANG POLDA PALEMBANG S | H40: 0 | I40: 0 | J40: =I40-H40 -> 0 | K40: 0 | L40: 0 | M40: =L40-K40 -> 0
A41: 38 | B41: Palembang | C41: 59 | D41: KC Palembang A. Rivai | E41: 7017 | G41: UNIT POLYGON PALEMBANG A RIVAI | H41: 0 | I41: 0 | J41: =I41-H41 -> 0 | K41: 0 | L41: 0 | M41: =L41-K41 -> 0
A42: 39 | B42: Palembang | C42: 59 | D42: KC Palembang A. Rivai | E42: 5759 | G42: UNIT UNSRI PALEMBANG A RIVAI | H42: 0 | I42: 0 | J42: =I42-H42 -> 0 | K42: 0 | L42: 0 | M42: =L42-K42 -> 0
A43: 40 | B43: Palembang | C43: 342 | D43: KC Palembang Sriwijaya | E43: 5741 | G43: UNIT M. ISA PALEMBANG S | H43: 0 | I43: 0 | J43: =I43-H43 -> 0 | K43: 0 | L43: 0 | M43: =L43-K43 -> 0
A44: 41 | B44: Palembang | C44: 342 | D44: KC Palembang Sriwijaya | E44: 5751 | G44: UNIT MANGKU NEGARA PALEMBANG | H44: 0 | I44: 0 | J44: =I44-H44 -> 0 | K44: 0 | L44: 0 | M44: =L44-K44 -> 0
A45: 42 | B45: Palembang | C45: 342 | D45: KC Palembang Sriwijaya | E45: 5754 | G45: UNIT MAYOR RUSLAN PALEMBANG S | H45: 0 | I45: 0 | J45: =I45-H45 -> 0 | K45: 0 | L45: 0 | M45: =L45-K45 -> 0
A46: 43 | B46: Palembang | C46: 59 | D46: KC Palembang A. Rivai | E46: 5760 | G46: UNIT ILIR BARAT PALEMBANG A RI | H46: 0 | I46: 0 | J46: =I46-H46 -> 0 | K46: 0 | L46: 0 | M46: =L46-K46 -> 0
A47: 44 | B47: Palembang | C47: 59 | D47: KC Palembang A. Rivai | E47: 7053 | G47: UNIT DWIKORA PALEMBANG A RIVAI | H47: 0 | I47: 0 | J47: =I47-H47 -> 0 | K47: 0 | L47: 0 | M47: =L47-K47 -> 0
A48: 45 | B48: Palembang | C48: 164 | D48: KC Sekayu | E48: 7246 | G48: UNIT TEBING BULANG SEKAYU | H48: 0 | I48: 0 | J48: =I48-H48 -> 0 | K48: 0 | L48: 0 | M48: =L48-K48 -> 0
A49: 46 | B49: Palembang | C49: 59 | D49: KC Palembang A. Rivai | E49: 5748 | G49: UNIT SEKANAK PALEMBANG A RIVAI | H49: 0 | I49: 0 | J49: =I49-H49 -> 0 | K49: 0 | L49: 0 | M49: =L49-K49 -> 0
A50: 47 | B50: Palembang | C50: 342 | D50: KC Palembang Sriwijaya | E50: 5744 | G50: UNIT SUKAMTO PALEMBANG S | H50: 0 | I50: 0 | J50: =I50-H50 -> 0 | K50: 0 | L50: 0 | M50: =L50-K50 -> 0
A51: 48 | B51: Palembang | C51: 324 | D51: KC Sungai Liat | E51: 8154 | G51: UNIT CUPAT SUNGAI LIAT | H51: 0 | I51: 0 | J51: =I51-H51 -> 0 | K51: 0 | L51: 0 | M51: =L51-K51 -> 0
... A56: 53 | B56: Palembang | C56: 342 | D56: KC Palembang Sriwijaya | E56: 5752 | G56: UNIT PAHLAWAN PALEMBANG SRIWIJ | H56: 0 | I56: 0 | J56: =I56-H56 -> 0 | K56: 0 | L56: 0 | M56: =L56-K56 -> 0
A57: 54 | B57: Palembang | C57: 131 | D57: KC Tanjung Pandan | E57: 7916 | G57: UNIT SIMPANG PESAK TANJUNG PAN | H57: 1 | I57: =VLOOKUP(E57,Sheet14!$A$5:$C$221,2,FALSE) -> 1 | J57: =I57-H57 -> 0 | K57: 1 | L57: =VLOOKUP(E57,Sheet14!$A$5:$C$221,3,FALSE) -> 1 | M57: =L57-K57 -> 0
A58: 55 | B58: Palembang | C58: 131 | D58: KC Tanjung Pandan | E58: 7140 | G58: UNIT SIMPANG MEMBALONG TANJUNG | H58: 1 | I58: =VLOOKUP(E58,Sheet14!$A$5:$C$221,2,FALSE) -> 1 | J58: =I58-H58 -> 0 | K58: 1 | L58: =VLOOKUP(E58,Sheet14!$A$5:$C$221,3,FALSE) -> 1 | M58: =L58-K58 -> 0
A59: 56 | B59: Palembang | C59: 131 | D59: KC Tanjung Pandan | E59: 5806 | G59: UNIT PASAR BAWAH TANJUNG PANDA | H59: 2 | I59: =VLOOKUP(E59,Sheet14!$A$5:$C$221,2,FALSE) -> 2 | J59: =I59-H59 -> 0 | K59: 1 | L59: =VLOOKUP(E59,Sheet14!$A$5:$C$221,3,FALSE) -> 1 | M59: =L59-K59 -> 0
A60: 57 | B60: Palembang | C60: 131 | D60: KC Tanjung Pandan | E60: 5805 | G60: UNIT PANGKAL LALANG TJ PANDAN | H60: 2 | I60: =VLOOKUP(E60,Sheet14!$A$5:$C$221,2,FALSE) -> 2 | J60: =I60-H60 -> 0 | K60: 1 | L60: =VLOOKUP(E60,Sheet14!$A$5:$C$221,3,FALSE) -> 1 | M60: =L60-K60 -> 0
A61: 58 | B61: Palembang | C61: 131 | D61: KC Tanjung Pandan | E61: 8061 | G61: UNIT MEMBALONG TANJUNG PANDAN | H61: 1 | I61: =VLOOKUP(E61,Sheet14!$A$5:$C$221,2,FALSE) -> 1 | J61: =I61-H61 -> 0 | K61: 1 | L61: =VLOOKUP(E61,Sheet14!$A$5:$C$221,3,FALSE) -> 1 | M61: =L61-K61 -> 0
A62: 59 | B62: Palembang | C62: 131 | D62: KC Tanjung Pandan | E62: 3560 | G62: UNIT MANGGAR TJ PANDAN | H62: 1 | I62: =VLOOKUP(E62,Sheet14!$A$5:$C$221,2,FALSE) -> 1 | J62: =I62-H62 -> 0 | K62: 1 | L62: =VLOOKUP(E62,Sheet14!$A$5:$C$221,3,FALSE) -> 1 | M62: =L62-K62 -> 0
A63: 60 | B63: Palembang | C63: 131 | D63: KC Tanjung Pandan | E63: 5804 | G63: UNIT KELAPA KAMPIT TANJUNG PAN | H63: 1 | I63: =VLOOKUP(E63,Sheet14!$A$5:$C$221,2,FALSE) -> 1 | J63: =I63-H63 -> 0 | K63: 1 | L63: =VLOOKUP(E63,Sheet14!$A$5:$C$221,3,FALSE) -> 1 | M63: =L63-K63 -> 0
A64: 61 | B64: Palembang | C64: 131 | D64: KC Tanjung Pandan | E64: 5803 | G64: UNIT GANTUNG TANJUNG PANDAN | H64: 1 | I64: =VLOOKUP(E64,Sheet14!$A$5:$C$221,2,FALSE) -> 1 | J64: =I64-H64 -> 0 | K64: 1 | L64: =VLOOKUP(E64,Sheet14!$A$5:$C$221,3,FALSE) -> 1 | M64: =L64-K64 -> 0
A65: 62 | B65: Palembang | C65: 131 | D65: KC Tanjung Pandan | E65: 7520 | G65: UNIT AIR MERBAU TANJUNG PANDAN | H65: 1 | I65: =VLOOKUP(E65,Sheet14!$A$5:$C$221,2,FALSE) -> 1 | J65: =I65-H65 -> 0 | K65: 1 | L65: =VLOOKUP(E65,Sheet14!$A$5:$C$221,3,FALSE) -> 1 | M65: =L65-K65 -> 0
A66: 63 | B66: Palembang | C66: 324 | D66: KC Sungai Liat | E66: 7527 | G66: UNIT TEMPILANG SUNGAI LIAT | H66: 1 | I66: =VLOOKUP(E66,Sheet14!$A$5:$C$221,2,FALSE) -> 1 | J66: =I66-H66 -> 0 | K66: 1 | L66: =VLOOKUP(E66,Sheet14!$A$5:$C$221,3,FALSE) -> 1 | M66: 0
A67: 64 | B67: Palembang | C67: 324 | D67: KC Sungai Liat | E67: 7139 | G67: UNIT SIMPANG TERITIP SUNGAI LI | H67: 1 | I67: =VLOOKUP(E67,Sheet14!$A$5:$C$221,2,FALSE) -> 1 | J67: =I67-H67 -> 0 | K67: 1 | L67: =VLOOKUP(E67,Sheet14!$A$5:$C$221,3,FALSE) -> 1 | M67: =L67-K67 -> 0
A68: 65 | B68: Palembang | C68: 324 | D68: KC Sungai Liat | E68: 7889 | G68: UNIT RIAU SILIP SUNGAI LIAT | H68: 1 | I68: =VLOOKUP(E68,Sheet14!$A$5:$C$221,2,FALSE) -> 1 | J68: =I68-H68 -> 0 | K68: 1 | L68: =VLOOKUP(E68,Sheet14!$A$5:$C$221,3,FALSE) -> 1 | M68: =L68-K68 -> 0
A69: 66 | B69: Palembang | C69: 324 | D69: KC Sungai Liat | E69: 5792 | G69: UNIT PUDING BESAR SUNGAI LIAT | H69: 1 | I69: =VLOOKUP(E69,Sheet14!$A$5:$C$221,2,FALSE) -> 1 | J69: =I69-H69 -> 0 | K69: 1 | L69: =VLOOKUP(E69,Sheet14!$A$5:$C$221,3,FALSE) -> 1 | M69: =L69-K69 -> 0
A70: 67 | B70: Palembang | C70: 324 | D70: KC Sungai Liat | E70: 7052 | G70: UNIT MENDO SUNGAILIAT | H70: 1 | I70: =VLOOKUP(E70,Sheet14!$A$5:$C$221,2,FALSE) -> 1 | J70: =I70-H70 -> 0 | K70: 1 | L70: =VLOOKUP(E70,Sheet14!$A$5:$C$221,3,FALSE) -> 1 | M70: =L70-K70 -> 0
A71: 68 | B71: Palembang | C71: 324 | D71: KC Sungai Liat | E71: 5791 | G71: UNIT PARIT TIGA SUNGAI LIAT | H71: 2 | I71: =VLOOKUP(E71,Sheet14!$A$5:$C$221,2,FALSE) -> 2 | J71: =I71-H71 -> 0 | K71: 2 | L71: =VLOOKUP(E71,Sheet14!$A$5:$C$221,3,FALSE) -> 1 | M71: =L71-K71 -> -1
A72: 69 | B72: Palembang | C72: 324 | D72: KC Sungai Liat | E72: 5793 | G72: UNIT KOTA SUNGAI LIAT SUNGAI L | H72: 2 | I72: =VLOOKUP(E72,Sheet14!$A$5:$C$221,2,FALSE) -> 2 | J72: =I72-H72 -> 0 | K72: 2 | L72: =VLOOKUP(E72,Sheet14!$A$5:$C$221,3,FALSE) -> 1 | M72: =L72-K72 -> -1
A73: 70 | B73: Palembang | C73: 324 | D73: KC Sungai Liat | E73: 7050 | G73: UNIT KOTA II SUNGAILIAT SUNGAI | H73: 2 | I73: =VLOOKUP(E73,Sheet14!$A$5:$C$221,2,FALSE) -> 2 | J73: =I73-H73 -> 0 | K73: 1 | L73: =VLOOKUP(E73,Sheet14!$A$5:$C$221,3,FALSE) -> 1 | M73: =L73-K73 -> 0
A74: 71 | B74: Palembang | C74: 324 | D74: KC Sungai Liat | E74: 7051 | G74: UNIT KENANGA SUNGAI LIAT | H74: 1 | I74: =VLOOKUP(E74,Sheet14!$A$5:$C$221,2,FALSE) -> 1 | J74: =I74-H74 -> 0 | K74: 1 | L74: =VLOOKUP(E74,Sheet14!$A$5:$C$221,3,FALSE) -> 1 | M74: =L74-K74 -> 0
A75: 72 | B75: Palembang | C75: 324 | D75: KC Sungai Liat | E75: 5790 | G75: UNIT KELAPA SUNGAI LIAT | H75: 1 | I75: =VLOOKUP(E75,Sheet14!$A$5:$C$221,2,FALSE) -> 1 | J75: =I75-H75 -> 0 | K75: 2 | L75: =VLOOKUP(E75,Sheet14!$A$5:$C$221,3,FALSE) -> 1 | M75: =L75-K75 -> -1
A76: 73 | B76: Palembang | C76: 324 | D76: KC Sungai Liat | E76: 8100 | G76: UNIT JEBUS SUNGAI LIAT | H76: 1 | I76: =VLOOKUP(E76,Sheet14!$A$5:$C$221,2,FALSE) -> 1 | J76: =I76-H76 -> 0 | K76: 1 | L76: =VLOOKUP(E76,Sheet14!$A$5:$C$221,3,FALSE) -> 1 | M76: =L76-K76 -> 0
A77: 74 | B77: Palembang | C77: 324 | D77: KC Sungai Liat | E77: 3559 | G77: UNIT BELINYU | H77: 2 | I77: =VLOOKUP(E77,Sheet14!$A$5:$C$221,2,FALSE) -> 2 | J77: =I77-H77 -> 0 | K77: 1 | L77: =VLOOKUP(E77,Sheet14!$A$5:$C$221,3,FALSE) -> 1 | M77: =L77-K77 -> 0
A78: 75 | B78: Palembang | C78: 324 | D78: KC Sungai Liat | E78: 5789 | G78: UNIT BATURUSA SUNGAI LIAT | H78: 1 | I78: =VLOOKUP(E78,Sheet14!$A$5:$C$221,2,FALSE) -> 1 | J78: =I78-H78 -> 0 | K78: 1 | L78: =VLOOKUP(E78,Sheet14!$A$5:$C$221,3,FALSE) -> 1 | M78: =L78-K78 -> 0
... A145: 142 | B145: Palembang | C145: 59 | D145: KC Palembang A. Rivai | E145: 5749 | G145: UNIT JAKABARING PALEMBANG A RI | H145: 2 | I145: =VLOOKUP(E145,Sheet14!$A$5:$C$221,2,FALSE) -> 1 | J145: =I145-H145 -> -1 | K145: 1 | L145: =VLOOKUP(E145,Sheet14!$A$5:$C$221,3,FALSE) -> 1 | M145: =L145-K145 -> 0
A146: 143 | B146: Palembang | C146: 59 | D146: KC Palembang A. Rivai | E146: 8059 | G146: UNIT GANDUS PALEMBANG A RIVAI | H146: 2 | I146: =VLOOKUP(E146,Sheet14!$A$5:$C$221,2,FALSE) -> 2 | J146: =I146-H146 -> 0 | K146: 1 | L146: =VLOOKUP(E146,Sheet14!$A$5:$C$221,3,FALSE) -> 1 | M146: 0
A147: 144 | B147: Palembang | C147: 59 | D147: KC Palembang A. Rivai | E147: 5743 | G147: UNIT CINDE PALEMBANG A RIVAI | H147: 1 | I147: =VLOOKUP(E147,Sheet14!$A$5:$C$221,2,FALSE) -> 1 | J147: =I147-H147 -> 0 | K147: 1 | L147: =VLOOKUP(E147,Sheet14!$A$5:$C$221,3,FALSE) -> 1 | M147: =L147-K147 -> 0
A148: 145 | B148: Palembang | C148: 59 | D148: KC Palembang A. Rivai | E148: 5742 | G148: UNIT 5 ULU PALEMBANG A RIVAI | H148: 2 | I148: =VLOOKUP(E148,Sheet14!$A$5:$C$221,2,FALSE) -> 2 | J148: =I148-H148 -> 0 | K148: 1 | L148: =VLOOKUP(E148,Sheet14!$A$5:$C$221,3,FALSE) -> 1 | M148: =L148-K148 -> 0
A149: 146 | B149: Palembang | C149: 138 | D149: KC Pagar Alam | E149: 5738 | G149: UNIT TANJUNG SAKTI PAGAR ALAM | H149: 1 | I149: =VLOOKUP(E149,Sheet14!$A$5:$C$221,2,FALSE) -> 1 | J149: =I149-H149 -> 0 | K149: 1 | L149: =VLOOKUP(E149,Sheet14!$A$5:$C$221,3,FALSE) -> 1 | M149: 0
A150: 147 | B150: Palembang | C150: 138 | D150: KC Pagar Alam | E150: 5737 | G150: UNIT PENDOPO PAGAR ALAM | H150: 1 | I150: =VLOOKUP(E150,Sheet14!$A$5:$C$221,2,FALSE) -> 1 | J150: =I150-H150 -> 0 | K150: 1 | L150: =VLOOKUP(E150,Sheet14!$A$5:$C$221,3,FALSE) -> 1 | M150: =L150-K150 -> 0
A151: 148 | B151: Palembang | C151: 138 | D151: KC Pagar Alam | E151: 5736 | G151: UNIT PAGAR ALAM PAGAR ALAM | H151: 2 | I151: =VLOOKUP(E151,Sheet14!$A$5:$C$221,2,FALSE) -> 2 | J151: =I151-H151 -> 0 | K151: 1 | L151: =VLOOKUP(E151,Sheet14!$A$5:$C$221,3,FALSE) -> 1 | M151: =L151-K151 -> 0
A152: 149 | B152: Palembang | C152: 138 | D152: KC Pagar Alam | E152: 5735 | G152: UNIT MUARA PINANG PAGAR ALAM | H152: 1 | I152: =VLOOKUP(E152,Sheet14!$A$5:$C$221,2,FALSE) -> 1 | J152: =I152-H152 -> 0 | K152: 1 | L152: =VLOOKUP(E152,Sheet14!$A$5:$C$221,3,FALSE) -> 1 | M152: =L152-K152 -> 0
A153: 150 | B153: Palembang | C153: 138 | D153: KC Pagar Alam | E153: 5734 | G153: UNIT JARAI PAGAR ALAM | H153: 1 | I153: =VLOOKUP(E153,Sheet14!$A$5:$C$221,2,FALSE) -> 1 | J153: =I153-H153 -> 0 | K153: 1 | L153: =VLOOKUP(E153,Sheet14!$A$5:$C$221,3,FALSE) -> 1 | M153: =L153-K153 -> 0
A154: 151 | B154: Palembang | C154: 138 | D154: KC Pagar Alam | E154: 5733 | G154: UNIT DEMPO PERMAI PAGAR ALAM | H154: 2 | I154: =VLOOKUP(E154,Sheet14!$A$5:$C$221,2,FALSE) -> 2 | J154: =I154-H154 -> 0 | K154: 1 | L154: =VLOOKUP(E154,Sheet14!$A$5:$C$221,3,FALSE) -> 1 | M154: =L154-K154 -> 0
A155: 152 | B155: Palembang | C155: 128 | D155: KC Muara Enim | E155: 5732 | G155: UNIT TANJUNG ENIM MUARA ENIM | H155: 2 | I155: =VLOOKUP(E155,Sheet14!$A$5:$C$221,2,FALSE) -> 2 | J155: =I155-H155 -> 0 | K155: 2 | L155: =VLOOKUP(E155,Sheet14!$A$5:$C$221,3,FALSE) -> 2 | M155: =L155-K155 -> 0
A156: 153 | B156: Palembang | C156: 128 | D156: KC Muara Enim | E156: 5731 | G156: UNIT TANJUNG BARU MUARA ENIM | H156: 2 | I156: =VLOOKUP(E156,Sheet14!$A$5:$C$221,2,FALSE) -> 2 | J156: =I156-H156 -> 0 | K156: 1 | L156: =VLOOKUP(E156,Sheet14!$A$5:$C$221,3,FALSE) -> 1 | M156: =L156-K156 -> 0
A157: 154 | B157: Palembang | C157: 128 | D157: KC Muara Enim | E157: 5730 | G157: UNIT SUDIRMAN MUARA ENIM | H157: 2 | I157: =VLOOKUP(E157,Sheet14!$A$5:$C$221,2,FALSE) -> 2 | J157: =I157-H157 -> 0 | K157: 2 | L157: =VLOOKUP(E157,Sheet14!$A$5:$C$221,3,FALSE) -> 2 | M157: =L157-K157 -> 0
A158: 155 | B158: Palembang | C158: 128 | D158: KC Muara Enim | E158: 5729 | G158: UNIT PULAU PANGGUNG MUARA ENIM | H158: 2 | I158: =VLOOKUP(E158,Sheet14!$A$5:$C$221,2,FALSE) -> 2 | J158: =I158-H158 -> 0 | K158: 1 | L158: =VLOOKUP(E158,Sheet14!$A$5:$C$221,3,FALSE) -> 1 | M158: =L158-K158 -> 0
A159: 156 | B159: Palembang | C159: 128 | D159: KC Muara Enim | E159: 5728 | G159: UNIT MUARA ENIM | H159: 2 | I159: =VLOOKUP(E159,Sheet14!$A$5:$C$221,2,FALSE) -> 2 | J159: =I159-H159 -> 0 | K159: 2 | L159: =VLOOKUP(E159,Sheet14!$A$5:$C$221,3,FALSE) -> 2 | M159: =L159-K159 -> 0
A160: 157 | B160: Palembang | C160: 128 | D160: KC Muara Enim | E160: 5727 | G160: UNIT GUNUNG MEGANG MUARA ENIM | H160: 2 | I160: =VLOOKUP(E160,Sheet14!$A$5:$C$221,2,FALSE) -> 2 | J160: =I160-H160 -> 0 | K160: 1 | L160: =VLOOKUP(E160,Sheet14!$A$5:$C$221,3,FALSE) -> 1 | M160: =L160-K160 -> 0
A161: 158 | B161: Palembang | C161: 160 | D161: KC Muara Bungo | E161: 8152 | G161: UNIT SAWMIL MUARA BUNGO | H161: 1 | I161: =VLOOKUP(E161,Sheet14!$A$5:$C$221,2,FALSE) -> 1 | J161: =I161-H161 -> 0 | K161: 1 | L161: =VLOOKUP(E161,Sheet14!$A$5:$C$221,3,FALSE) -> 1 | M161: =L161-K161 -> 0
A162: 159 | B162: Palembang | C162: 160 | D162: KC Muara Bungo | E162: 7177 | G162: UNIT RIMBO ILIR MUARA BUNGO | H162: 1 | I162: =VLOOKUP(E162,Sheet14!$A$5:$C$221,2,FALSE) -> 1 | J162: =I162-H162 -> 0 | K162: 1 | L162: =VLOOKUP(E162,Sheet14!$A$5:$C$221,3,FALSE) -> 1 | M162: 0
A163: 160 | B163: Palembang | C163: 160 | D163: KC Muara Bungo | E163: 8153 | G163: UNIT RANTAU PANDAN MUARA BUNGO | H163: 1 | I163: =VLOOKUP(E163,Sheet14!$A$5:$C$221,2,FALSE) -> 1 | J163: =I163-H163 -> 0 | K163: 1 | L163: =VLOOKUP(E163,Sheet14!$A$5:$C$221,3,FALSE) -> 1 | M163: =L163-K163 -> 0
A164: 161 | B164: Palembang | C164: 160 | D164: KC Muara Bungo | E164: 7462 | G164: UNIT MUARA TABIR MUARA BUNGO | H164: 1 | I164: =VLOOKUP(E164,Sheet14!$A$5:$C$221,2,FALSE) -> 1 | J164: =I164-H164 -> 0 | K164: 1 | L164: =VLOOKUP(E164,Sheet14!$A$5:$C$221,3,FALSE) -> 1 | M164: =L164-K164 -> 0
A165: 162 | B165: Palembang | C165: 160 | D165: KC Muara Bungo | E165: 7047 | G165: UNIT GAPURA SUCI MUARA BUNGO | H165: 1 | I165: =VLOOKUP(E165,Sheet14!$A$5:$C$221,2,FALSE) -> 1 | J165: =I165-H165 -> 0 | K165: 1 | L165: =VLOOKUP(E165,Sheet14!$A$5:$C$221,3,FALSE) -> 1 | M165: =L165-K165 -> 0
A166: 163 | B166: Palembang | C166: 160 | D166: KC Muara Bungo | E166: 5724 | G166: UNIT MUARA BUNGO | H166: 2 | I166: =VLOOKUP(E166,Sheet14!$A$5:$C$221,2,FALSE) -> 2 | J166: =I166-H166 -> 0 | K166: 2 | L166: =VLOOKUP(E166,Sheet14!$A$5:$C$221,3,FALSE) -> 2 | M166: =L166-K166 -> 0
A167: 164 | B167: Palembang | C167: 160 | D167: KC Muara Bungo | E167: 5723 | G167: UNIT KUAMANG KUNING MUARA BUNG | H167: 2 | I167: =VLOOKUP(E167,Sheet14!$A$5:$C$221,2,FALSE) -> 2 | J167: =I167-H167 -> 0 | K167: 1 | L167: =VLOOKUP(E167,Sheet14!$A$5:$C$221,3,FALSE) -> 1 | M167: =L167-K167 -> 0
A168: 165 | B168: Palembang | C168: 160 | D168: KC Muara Bungo | E168: 8151 | G168: UNIT KM EMPAT EMPAT MUARA BUNG | H168: 1 | I168: =VLOOKUP(E168,Sheet14!$A$5:$C$221,2,FALSE) -> 1 | J168: =I168-H168 -> 0 | K168: 1 | L168: =VLOOKUP(E168,Sheet14!$A$5:$C$221,3,FALSE) -> 1 | M168: =L168-K168 -> 0
A169: 166 | B169: Palembang | C169: 315 | D169: KC Muara Bulian | E169: 7049 | G169: UNIT SUNGAI BAHAR III MUARA BU | H169: 1 | I169: =VLOOKUP(E169,Sheet14!$A$5:$C$221,2,FALSE) -> 1 | J169: =I169-H169 -> 0 | K169: 1 | L169: =VLOOKUP(E169,Sheet14!$A$5:$C$221,3,FALSE) -> 1 | M169: =L169-K169 -> 0
A170: 167 | B170: Palembang | C170: 315 | D170: KC Muara Bulian | E170: 5719 | G170: UNIT SUNGAI BAHAR II MUARA BUL | H170: 1 | I170: =VLOOKUP(E170,Sheet14!$A$5:$C$221,2,FALSE) -> 1 | J170: =I170-H170 -> 0 | K170: 1 | L170: =VLOOKUP(E170,Sheet14!$A$5:$C$221,3,FALSE) -> 1 | M170: =L170-K170 -> 0
A171: 168 | B171: Palembang | C171: 315 | D171: KC Muara Bulian | E171: 5720 | G171: UNIT SUNGAI BAHAR MUARA BULIAN | H171: 2 | I171: =VLOOKUP(E171,Sheet14!$A$5:$C$221,2,FALSE) -> 2 | J171: =I171-H171 -> 0 | K171: 1 | L171: =VLOOKUP(E171,Sheet14!$A$5:$C$221,3,FALSE) -> 1 | M171: =L171-K171 -> 0
A172: 169 | B172: Palembang | C172: 315 | D172: KC Muara Bulian | E172: 7915 | G172: UNIT PEMAYUNG MUARA BULIAN | H172: 2 | I172: =VLOOKUP(E172,Sheet14!$A$5:$C$221,2,FALSE) -> 2 | J172: =I172-H172 -> 0 | K172: 1 | L172: =VLOOKUP(E172,Sheet14!$A$5:$C$221,3,FALSE) -> 1 | M172: =L172-K172 -> 0
A173: 170 | B173: Palembang | C173: 315 | D173: KC Muara Bulian | E173: 5717 | G173: UNIT PASAR RENGAS MUARA BULIAN | H173: 2 | I173: =VLOOKUP(E173,Sheet14!$A$5:$C$221,2,FALSE) -> 2 | J173: =I173-H173 -> 0 | K173: 1 | L173: =VLOOKUP(E173,Sheet14!$A$5:$C$221,3,FALSE) -> 1 | M173: =L173-K173 -> 0
...

Sheet REKAP KK
A3: Row Labels | B3: Sum of Formasi Customer Service | C3: Sum of Existing | D3: Sum of GAP | E3: Sum of Formasi Teller | F3: Sum of Existing2 | G3: Sum of GAP2
A4: KC Jambi | B4: 1 | C4: 1 | D4: 0 | E4: 1 | F4: 1 | G4: 0
A5: KC Kuala Tungkal | B5: 1 | C5: 1 | D5: 0 | E5: 1 | F5: 1 | G5: 0
A6: KC Palembang A. Rivai | B6: 3 | C6: 3 | D6: 0 | E6: 4 | F6: 4 | G6: 0
A7: KC Pangkal Pinang | B7: 1 | C7: 0 | D7: -1 | E7: 3 | F7: 3 | G7: 0
A8: Grand Total | B8: 6 | C8: 5 | D8: -1 | E8: 9 | F8: 9 | G8: 0

Sheet F KK
A1: FORMASI JABATAN KK
A2: PERIODE :Jan 2025
A3: NO | B3: REGIONAL OFFICE | C3: KODE KANTOR CABANG | D3: KANTOR CABANG | E3: KODE KK | F3: KANTOR KAS | G3: PERIODE | H3: Formasi Customer Service | I3: Existing | J3: GAP | K3: Formasi Teller | L3: Existing | M3: GAP
A4: 1 | B4: Palembang | C4: 63 | D4: KC Pangkal Pinang | E4: 1676 | F4: KK TASPEN PANGKALPINANG | G4: Sep 2026 | H4: 0 | I4: 0 | J4: =I4-H4 -> 0 | K4: 1 | L4: 1 | M4: =L4-K4 -> 0
A5: 2 | B5: Palembang | C5: 63 | D5: KC Pangkal Pinang | E5: 1670 | F5: KK RUMAH SAKIT BAKTI TIMAH | G5: Sep 2026 | H5: 0 | I5: 0 | J5: =I5-H5 -> 0 | K5: 1 | L5: 1 | M5: =L5-K5 -> 0
A6: 3 | B6: Palembang | C6: 63 | D6: KC Pangkal Pinang | E6: 1707 | F6: KK BANGKA TRADE CENTER | G6: Sep 2026 | H6: 1 | I6: 0 | J6: =I6-H6 -> -1 | K6: 1 | L6: 1 | M6: =L6-K6 -> 0
A7: 4 | B7: Palembang | C7: 59 | D7: KC Palembang A. Rivai | E7: 1863 | F7: KK RS PERTAMINA PLAJU | G7: Sep 2026 | H7: 1 | I7: 1 | J7: =I7-H7 -> 0 | K7: 1 | L7: 1 | M7: =L7-K7 -> 0
A8: 5 | B8: Palembang | C8: 59 | D8: KC Palembang A. Rivai | E8: 1304 | F8: KK RS CHARITAS | G8: Sep 2026 | H8: 1 | I8: 1 | J8: =I8-H8 -> 0 | K8: 1 | L8: 1 | M8: =L8-K8 -> 0
A9: 6 | B9: Palembang | C9: 59 | D9: KC Palembang A. Rivai | E9: 1887 | F9: KK PUSRI | G9: Sep 2026 | H9: 0 | I9: 0 | J9: =I9-H9 -> 0 | K9: 1 | L9: 1 | M9: =L9-K9 -> 0
A10: 7 | B10: Palembang | C10: 59 | D10: KC Palembang A. Rivai | E10: 1500 | F10: KK POLTABES PALEMBANG | G10: Sep 2026 | H10: 1 | I10: 1 | J10: =I10-H10 -> 0 | K10: 1 | L10: 1 | M10: =L10-K10 -> 0
A11: 8 | B11: Palembang | C11: 179 | D11: KC Kuala Tungkal | E11: 1487 | F11: KK PEMATANG LUMUT | G11: Sep 2026 | H11: 1 | I11: 1 | J11: =I11-H11 -> 0 | K11: 1 | L11: 1 | M11: =L11-K11 -> 0
A12: 9 | B12: Palembang | C12: 20 | D12: KC Jambi | E12: 1679 | F12: KK POLTABES JAMBI | G12: Sep 2026 | H12: 1 | I12: 1 | J12: =I12-H12 -> 0 | K12: 1 | L12: 1 | M12: =L12-K12 -> 0
H13: =SUM(H4:H12) -> 6 | I13: =SUM(I4:I12) -> 5 | J13: =SUM(J4:J12) -> -1 | K13: =SUM(K4:K12) -> 9 | L13: =SUM(L4:L12) -> 9 | M13: =SUM(M4:M12) -> 0

Sheet Sheet11
A3: Count of JOBDESC | B3: Column Labels
A4: Row Labels | B4: CUSTOMER SERVICE | C4: TELLER | D4: TELLER (H) | E4: UNIVERSAL BANKER | F4: Grand Total
A5: 8 | B5: 4 | C5: 4 | D5: 1 | E5: 1 | F5: 10
A6: 20 | B6: 2 | C6: 4 | E6: 4 | F6: 10
A7: 30 | B7: 2 | C7: 3 | E7: 1 | F7: 6
A8: 40 | B8: 2 | C8: 3 | D8: 1 | E8: 1 | F8: 7
A9: 59 | B9: 4 | C9: 7 | E9: 6 | F9: 17
A10: 63 | B10: 4 | C10: 4 | E10: 1 | F10: 9
A11: 128 | B11: 2 | C11: 3 | E11: 2 | F11: 7
A12: 129 | B12: 2 | C12: 4 | E12: 1 | F12: 7
A13: 131 | B13: 3 | C13: 4 | E13: 1 | F13: 8
A14: 138 | B14: 2 | C14: 3 | E14: 1 | F14: 6
A15: 160 | B15: 2 | C15: 4 | E15: 1 | F15: 7
A16: 164 | B16: 4 | C16: 4 | E16: 1 | F16: 9
A17: 179 | B17: 2 | C17: 3 | E17: 1 | F17: 6
A18: 184 | B18: 1 | C18: 3 | E18: 2 | F18: 6
A19: 275 | B19: 3 | C19: 3 | E19: 1 | F19: 7
A20: 315 | B20: 2 | C20: 3 | E20: 1 | F20: 6
... A22: 342 | B22: 3 | C22: 4 | E22: 2 | F22: 9
A23: 604 | B23: 3 | C23: 3 | F23: 6
A24: 606 | B24: 2 | C24: 2 | E24: 1 | F24: 5
A25: 607 | B25: 2 | C25: 2 | E25: 1 | F25: 5
A26: Grand Total | B26: 53 | C26: 73 | D26: 2 | E26: 31 | F26: 159

Sheet KC
A1: KODE BRANCH | B1: JOBDESC | C1: PERNR | D1: TIPE UKER | E1: COMPLETENAME | F1: KELOMPOK JABATAN | G1: MCTEXT | H1: PSADESC | I1: ESGDESC
A2: 606 | B2: CUSTOMER SERVICE | C2: 379367 | D2: KC | E2: Elsa Sonya Carentina | F2: Customer Service | G2: KC ABUNJANI SIPIN | H2: KC Abunjani Sipin | I2: Kontrak Teller/CS
A3: 606 | B3: CUSTOMER SERVICE | C3: 393712 | D3: KC | E3: Dita Zahrah Asna | F3: Customer Service | G3: KC ABUNJANI SIPIN | H3: KC Abunjani Sipin | I3: Kontrak Teller/CS
A4: 606 | B4: TELLER | C4: 413039 | D4: KC | E4: Caecar Janu Dilaga | F4: Teller | G4: KC ABUNJANI SIPIN | H4: KC Abunjani Sipin | I4: Peserta Magang
A5: 606 | B5: TELLER | C5: 413242 | D5: KC | E5: Siti Nabilah Khairunnisa | F5: Teller | G5: KC ABUNJANI SIPIN | H5: KC Abunjani Sipin | I5: Peserta Magang
A6: 606 | B6: UNIVERSAL BANKER | C6: 341871 | D6: KC | E6: Gusti Riski Permata | F6: Universal Banker - KC/KCP/KK | G6: KC ABUNJANI SIPIN | H6: KC Abunjani Sipin | I6: Kontrak Teller/CS
A7: 275 | B7: CUSTOMER SERVICE | C7: 359715 | D7: KC | E7: Agness Alifiana | F7: Customer Service | G7: KC BANGKO | H7: KC Bangko | I7: Kontrak Teller/CS
A8: 275 | B8: CUSTOMER SERVICE | C8: 366663 | D8: KC | E8: Indah Sari Mawardah | F8: Customer Service | G8: KC BANGKO | H8: KC Bangko | I8: Kontrak Teller/CS
A9: 275 | B9: CUSTOMER SERVICE | C9: 375483 | D9: KC | E9: Feby Savva Kharisma | F9: Customer Service | G9: KC BANGKO | H9: KC Bangko | I9: Kontrak Teller/CS
A10: 275 | B10: TELLER | C10: 392496 | D10: KC | E10: Zella Andhira | F10: Teller | G10: KC BANGKO | H10: KC Bangko | I10: Peserta Magang
A11: 275 | B11: TELLER | C11: 404603 | D11: KC | E11: Aini Cahya Adela | F11: Teller | G11: KC BANGKO | H11: KC Bangko | I11: Kontrak Teller/CS
A12: 275 | B12: TELLER | C12: 406882 | D12: KC | E12: Putri Ratu Heika | F12: Teller | G12: KC BANGKO | H12: KC Bangko | I12: Peserta Magang
A13: 275 | B13: UNIVERSAL BANKER | C13: 344836 | D13: KC | E13: Anggi Thamrin | F13: Universal Banker - KC/KCP/KK | G13: KC BANGKO | H13: KC Bangko | I13: Kontrak Teller/CS
... A160: 131 | B160: UNIVERSAL BANKER | C160: 341603 | D160: KC | E160: Januarti Silviani | F160: Universal Banker - KC/KCP/KK | G160: KC TANJUNG PANDAN | H160: KC Tanjung Pandan | I160: Kontrak Teller/CS

Sheet Sheet12
A3: Count of JOBDESC | B3: Column Labels
A4: Row Labels | B4: CUSTOMER SERVICE | C4: TELLER | D4: (blank) | E4: Grand Total
A5: 670 | B5: 2 | C5: 1 | E5: 3
A6: 697 | B6: 1 | C6: 1 | E6: 2
A7: 1001 | B7: 1 | C7: 1 | E7: 2
A8: 1100 | B8: 2 | C8: 1 | E8: 3
A9: 1102 | B9: 2 | C9: 1 | E9: 3
A10: 1103 | B10: 2 | C10: 1 | E10: 3
A11: 1104 | B11: 1 | C11: 1 | E11: 2
A12: 2015 | B12: 2 | C12: 1 | E12: 3
A13: 2076 | B13: 1 | C13: 1 | E13: 2
A14: 2088 | B14: 2 | C14: 1 | E14: 3
A15: 2089 | B15: 2 | C15: 1 | E15: 3
A16: 2090 | B16: 1 | C16: 1 | E16: 2
... A32: 2292 | B32: 2 | C32: 1 | E32: 3
A33: (blank)
A34: Grand Total | B34: 42 | C34: 31 | E34: 73

Sheet KCP
A1: NIP | B1: JOBDESC | C1: PERNR | D1: TIPE UKER | E1: COMPLETENAME | F1: KELOMPOK JABATAN | G1: MCTEXT | H1: PADESC | I1: ORGDESC | J1: CORP. TITLE | K1: PSADESC | L1: KODE BRANCH | M1: ESGDESC
A2: - | B2: CUSTOMER SERVICE | C2: 404621 | D2: KCP | E2: Padelito | F2: Customer Service | G2: KCP GUMAWANG | H2: Region 04 Palembang | I2: FUNGSI OPERASIONAL & LAYANAN | J2: Associate | K2: KC Baturaja | L2: 697 | M2: Kontrak Teller/CS
A3: 0 | B3: TELLER | C3: 398627 | D3: KCP | E3: Cindy Nov Melenia | F3: Teller | G3: KCP GUMAWANG | H3: Region 04 Palembang | I3: FUNGSI OPERASIONAL & LAYANAN | J3: Associate | K3: KC Baturaja | L3: 697 | M3: Peserta Magang
A4: K495840124 | B4: CUSTOMER SERVICE | C4: 371022 | D4: KCP | E4: Dandi Putratama | F4: Customer Service | G4: KCP MARTAPURA | H4: Region 04 Palembang | I4: FUNGSI OPERASIONAL & LAYANAN | J4: Associate | K4: KC Baturaja | L4: 2263 | M4: Kontrak Teller/CS
A5: 0 | B5: TELLER | C5: 404674 | D5: KCP | E5: Ines Rattri Puji Lestari | F5: Teller | G5: KCP MARTAPURA | H5: Region 04 Palembang | I5: FUNGSI OPERASIONAL & LAYANAN | J5: Associate | K5: KC Baturaja | L5: 2263 | M5: Peserta Magang
A6: - | B6: CUSTOMER SERVICE | C6: 401631 | D6: KCP | E6: Nuskiya Faradisa | F6: Customer Service | G6: KCP BATANGHARI | H6: Region 04 Palembang | I6: FUNGSI OPERASIONAL & LAYANAN | J6: Associate | K6: KC Jambi | L6: 2277 | M6: Kontrak Teller/CS
A7: 0 | B7: TELLER | C7: 408918 | D7: KCP | E7: Syifaniya Azzahra | F7: Teller | G7: KCP BATANGHARI | H7: Region 04 Palembang | I7: FUNGSI OPERASIONAL & LAYANAN | J7: Associate | K7: KC Jambi | L7: 2277 | M7: Peserta Magang
A8: K621310125 | B8: CUSTOMER SERVICE | C8: 392452 | D8: KCP | E8: Aurelia Angela Siregar | F8: Customer Service | G8: KCP JELUTUNG | H8: Region 04 Palembang | I8: FUNGSI OPERASIONAL & LAYANAN | J8: Associate | K8: KC Jambi | L8: 2015 | M8: Kontrak Teller/CS
A9: - | B9: CUSTOMER SERVICE | C9: 400052 | D9: KCP | E9: Mayzca Tanezia Putri | F9: Customer Service | G9: KCP JELUTUNG | H9: Region 04 Palembang | I9: FUNGSI OPERASIONAL & LAYANAN | J9: Associate | K9: KC Jambi | L9: 2015 | M9: Kontrak Teller/CS
A10: M333980325 | B10: TELLER | C10: 392655 | D10: KCP | E10: Ranti Asmanita | F10: Teller | G10: KCP JELUTUNG | H10: Region 04 Palembang | I10: FUNGSI OPERASIONAL & LAYANAN | J10: Associate | K10: KC Jambi | L10: 2015 | M10: Peserta Magang
A11: K316629723 | B11: CUSTOMER SERVICE | C11: 340773 | D11: KCP | E11: Nazza Miftahul Jannah | F11: Customer Service | G11: KCP INDRALAYA | H11: Region 04 Palembang | I11: FUNGSI OPERASIONAL & LAYANAN | J11: Associate | K11: KC Kayu Agung | L11: 2272 | M11: Kontrak Teller/CS
A12: K534750125 | B12: CUSTOMER SERVICE | C12: 379508 | D12: KCP | E12: Amelia Miranda | F12: Customer Service | G12: KCP INDRALAYA | H12: Region 04 Palembang | I12: FUNGSI OPERASIONAL & LAYANAN | J12: Associate | K12: KC Kayu Agung | L12: 2272 | M12: Kontrak Teller/CS
A13: - | B13: TELLER | C13: 396820 | D13: KCP | E13: Dewari Nandita Virginia | F13: Teller | G13: KCP INDRALAYA | H13: Region 04 Palembang | I13: FUNGSI OPERASIONAL & LAYANAN | J13: Associate | K13: KC Kayu Agung | L13: 2272 | M13: Kontrak Teller/CS
A14: K248869823 | B14: CUSTOMER SERVICE | C14: 332918 | D14: KCP | E14: Nada Triyani | F14: Customer Service | G14: KCP TUGUMULYO | H14: Region 04 Palembang | I14: FUNGSI OPERASIONAL & LAYANAN | J14: Associate | K14: KC Kayu Agung | L14: 2088 | M14: Kontrak Teller/CS
A15: K497859924 | B15: CUSTOMER SERVICE | C15: 371690 | D15: KCP | E15: Shinta Bella T. B | F15: Customer Service | G15: KCP TUGUMULYO | H15: Region 04 Palembang | I15: FUNGSI OPERASIONAL & LAYANAN | J15: Associate | K15: KC Kayu Agung | L15: 2088 | M15: Kontrak Teller/CS
A16: M288390125 | B16: TELLER | C16: 379455 | D16: KCP | E16: Ridho Kurniatullah | F16: Teller | G16: KCP TUGUMULYO | H16: Region 04 Palembang | I16: FUNGSI OPERASIONAL & LAYANAN | J16: Associate | K16: KC Kayu Agung | L16: 2088 | M16: Peserta Magang
A17: K508289924 | B17: CUSTOMER SERVICE | C17: 373581 | D17: KCP | E17: Sari Dwi Kartika | F17: Customer Service | G17: KCP TANJUNG JABUNG TIMUR | H17: Region 04 Palembang | I17: FUNGSI OPERASIONAL & LAYANAN | J17: Associate | K17: KC Kuala Tungkal | L17: 2207 | M17: Kontrak Teller/CS
A18: - | B18: CUSTOMER SERVICE | C18: 405306 | D18: KCP | E18: Muhammad Baihaqy | F18: Customer Service | G18: KCP TANJUNG JABUNG TIMUR | H18: Region 04 Palembang | I18: FUNGSI OPERASIONAL & LAYANAN | J18: Associate | K18: KC Kuala Tungkal | L18: 2207 | M18: Kontrak Teller/CS
A19: M305190125 | B19: TELLER | C19: 385347 | D19: KCP | E19: Eca Riska Viola | F19: Teller | G19: KCP TANJUNG JABUNG TIMUR | H19: Region 04 Palembang | I19: FUNGSI OPERASIONAL & LAYANAN | J19: Associate | K19: KC Kuala Tungkal | L19: 2207 | M19: Peserta Magang
A20: 0 | B20: TELLER | C20: 412864 | D20: KCP | E20: Yashifa Suci Rama | F20: Teller | G20: KCP TANJUNG JABUNG TIMUR | H20: Region 04 Palembang | I20: FUNGSI OPERASIONAL & LAYANAN | J20: Associate | K20: KC Kuala Tungkal | L20: 2207 | M20: Peserta Magang
A21: K603650025 | B21: CUSTOMER SERVICE | C21: 388713 | D21: KCP | E21: Eriko Kurniawan | F21: Customer Service | G21: KCP TEBING TINGGI | H21: Region 04 Palembang | I21: FUNGSI OPERASIONAL & LAYANAN | J21: Associate | K21: KC Lahat | L21: 2076 | M21: Kontrak Teller/CS
A22: M325780225 | B22: TELLER | C22: 389607 | D22: KCP | E22: Msy Anisa Ripanda | F22: Teller | G22: KCP TEBING TINGGI | H22: Region 04 Palembang | I22: FUNGSI OPERASIONAL & LAYANAN | J22: Associate | K22: KC Lahat | L22: 2076 | M22: Peserta Magang
A23: K614950125 | B23: CUSTOMER SERVICE | C23: 391128 | D23: KCP | E23: Maria Risnawati | F23: Customer Service | G23: KCP SUNGAI BAHAR | H23: Region 04 Palembang | I23: FUNGSI OPERASIONAL & LAYANAN | J23: Associate | K23: KC Muara Bulian | L23: 2239 | M23: Kontrak Teller/CS
A24: M289420125 | B24: TELLER | C24: 380141 | D24: KCP | E24: Khairani Fatihah | F24: Teller | G24: KCP SUNGAI BAHAR | H24: Region 04 Palembang | I24: FUNGSI OPERASIONAL & LAYANAN | J24: Associate | K24: KC Muara Bulian | L24: 2239 | M24: Peserta Magang
A25: K319139923 | B25: CUSTOMER SERVICE | C25: 341601 | D25: KCP | E25: Nadia Putri Maghfira | F25: Customer Service | G25: KCP TANJUNG ENIM | H25: Region 04 Palembang | I25: FUNGSI OPERASIONAL & LAYANAN | J25: Associate | K25: KC Muara Enim | L25: 1102 | M25: Kontrak Teller/CS
A26: K621000225 | B26: CUSTOMER SERVICE | C26: 392408 | D26: KCP | E26: Itra Juasari | F26: Customer Service | G26: KCP TANJUNG ENIM | H26: Region 04 Palembang | I26: FUNGSI OPERASIONAL & LAYANAN | J26: Associate | K26: KC Muara Enim | L26: 1102 | M26: Kontrak Teller/CS
A27: K620990125 | B27: TELLER | C27: 392407 | D27: KCP | E27: Mutiara Putri | F27: Teller | G27: KCP TANJUNG ENIM | H27: Region 04 Palembang | I27: FUNGSI OPERASIONAL & LAYANAN | J27: Associate | K27: KC Muara Enim | L27: 1102 | M27: Kontrak Teller/CS
A28: K442479924 | B28: CUSTOMER SERVICE | C28: 362086 | D28: KCP | E28: Siska Juwita | F28: Customer Service | G28: KCP AMPERA | H28: Region 04 Palembang | I28: FUNGSI OPERASIONAL & LAYANAN | J28: Associate | K28: KC Palembang A. Rivai | L28: 2278 | M28: Kontrak Teller/CS
A29: 0 | B29: TELLER | C29: 409245 | D29: KCP | E29: Siti Safirah Salsabila | F29: Teller | G29: KCP AMPERA | H29: Region 04 Palembang | I29: FUNGSI OPERASIONAL & LAYANAN | J29: Associate | K29: KC Palembang A. Rivai | L29: 2278 | M29: Kontrak Teller/CS
A30: K403400123 | B30: CUSTOMER SERVICE | C30: 351470 | D30: KCP | E30: Yuniarti | F30: Customer Service | G30: KCP DEMANG | H30: Region 04 Palembang | I30: FUNGSI OPERASIONAL & LAYANAN | J30: Associate | K30: KC Palembang A. Rivai | L30: 1104 | M30: Kontrak Teller/CS
A31: K512869924 | B31: TELLER | C31: 373721 | D31: KCP | E31: Cantika Diva Ramadina | F31: Teller | G31: KCP DEMANG | H31: Region 04 Palembang | I31: FUNGSI OPERASIONAL & LAYANAN | J31: Associate | K31: KC Palembang A. Rivai | L31: 1104 | M31: Kontrak Teller/CS
A32: K249029923 | B32: CUSTOMER SERVICE | C32: 334941 | D32: KCP | E32: Sintiya Nur Aliza | F32: Customer Service | G32: KCP ISKANDAR | H32: Region 04 Palembang | I32: FUNGSI OPERASIONAL & LAYANAN | J32: Associate | K32: KC Palembang A. Rivai | L32: 1001 | M32: Kontrak Teller/CS
A33: M297270325 | B33: TELLER | C33: 382688 | D33: KCP | E33: Oktaviani Dea Ananda Putri | F33: Teller | G33: KCP ISKANDAR | H33: Region 04 Palembang | I33: FUNGSI OPERASIONAL & LAYANAN | J33: Associate | K33: KC Palembang A. Rivai | L33: 1001 | M33: Peserta Magang
A34: 0 | B34: CUSTOMER SERVICE | C34: 409372 | D34: KCP | E34: Hervani Pratiwi | F34: Customer Service | G34: KCP KM 12 | H34: Region 04 Palembang | I34: FUNGSI OPERASIONAL & LAYANAN | J34: Associate | K34: KC Palembang Sriwijaya | L34: 2174 | M34: Kontrak Teller/CS
A35: 0 | B35: CUSTOMER SERVICE | C35: 413510 | D35: KCP | E35: Dwita Ayu Larasati | F35: Customer Service | G35: KCP KM 12 | H35: Region 04 Palembang | I35: FUNGSI OPERASIONAL & LAYANAN | J35: Associate | K35: KC Palembang Sriwijaya | L35: 2174 | M35: Kontrak Teller/CS
A36: M297370325 | B36: TELLER | C36: 382811 | D36: KCP | E36: Nasywa Shafa Chania | F36: Teller | G36: KCP KM 12 | H36: Region 04 Palembang | I36: FUNGSI OPERASIONAL & LAYANAN | J36: Associate | K36: KC Palembang Sriwijaya | L36: 2174 | M36: Peserta Magang
A37: 0 | B37: TELLER | C37: 406387 | D37: KCP | E37: Muhamad Tsamirul Qolbi | F37: Teller | G37: KCP KM 12 | H37: Region 04 Palembang | I37: FUNGSI OPERASIONAL & LAYANAN | J37: Associate | K37: KC Palembang Sriwijaya | L37: 2174 | M37: Peserta Magang
A38: K173989923 | B38: CUSTOMER SERVICE | C38: 328637 | D38: KCP | E38: Virgin Regina Aryani | F38: Customer Service | G38: KCP KM 5 | H38: Region 04 Palembang | I38: FUNGSI OPERASIONAL & LAYANAN | J38: Associate | K38: KC Palembang Sriwijaya | L38: 2205 | M38: Kontrak Teller/CS
A39: K512830024 | B39: CUSTOMER SERVICE | C39: 373717 | D39: KCP | E39: Olivia Paramitha Putriyani | F39: Customer Service | G39: KCP KM 5 | H39: Region 04 Palembang | I39: FUNGSI OPERASIONAL & LAYANAN | J39: Associate | K39: KC Palembang Sriwijaya | L39: 2205 | M39: Kontrak Teller/CS
A40: 0 | B40: TELLER | C40: 413516 | D40: KCP | E40: Yulia Putri | F40: Teller | G40: KCP KM 5 | H40: Region 04 Palembang | I40: FUNGSI OPERASIONAL & LAYANAN | J40: Associate | K40: KC Palembang Sriwijaya | L40: 2205 | M40: Peserta Magang
A41: K432539824 | B41: CUSTOMER SERVICE | C41: 360330 | D41: KCP | E41: Tria Yuliyanti | F41: Customer Service | G41: KCP LEMABANG | H41: Region 04 Palembang | I41: FUNGSI OPERASIONAL & LAYANAN | J41: Associate | K41: KC Palembang Sriwijaya | L41: 1103 | M41: Kontrak Teller/CS
A42: K555530125 | B42: CUSTOMER SERVICE | C42: 382944 | D42: KCP | E42: Zhafirah Atiqah Julean | F42: Customer Service | G42: KCP LEMABANG | H42: Region 04 Palembang | I42: FUNGSI OPERASIONAL & LAYANAN | J42: Associate | K42: KC Palembang Sriwijaya | L42: 1103 | M42: Kontrak Teller/CS
A43: M298080025 | B43: TELLER | C43: 382955 | D43: KCP | E43: Muhammad Ilham | F43: Teller | G43: KCP LEMABANG | H43: Region 04 Palembang | I43: FUNGSI OPERASIONAL & LAYANAN | J43: Associate | K43: KC Palembang Sriwijaya | L43: 1103 | M43: Peserta Magang
A44: K426910024 | B44: CUSTOMER SERVICE | C44: 358106 | D44: KCP | E44: Muhammad Faihan Faswal | F44: Customer Service | G44: KCP PASAR 16 ILIR | H44: Region 04 Palembang | I44: FUNGSI OPERASIONAL & LAYANAN | J44: Associate | K44: KC Palembang Sriwijaya | L44: 2089 | M44: Kontrak Teller/CS
A45: 0 | B45: CUSTOMER SERVICE | C45: 413520 | D45: KCP | E45: Gratia Olivia Sihaloho | F45: Customer Service | G45: KCP PASAR 16 ILIR | H45: Region 04 Palembang | I45: FUNGSI OPERASIONAL & LAYANAN | J45: Associate | K45: KC Palembang Sriwijaya | L45: 2089 | M45: Kontrak Teller/CS
A46: 0 | B46: TELLER | C46: 413517 | D46: KCP | E46: Ranaya Attia Hilla | F46: Teller | G46: KCP PASAR 16 ILIR | H46: Region 04 Palembang | I46: FUNGSI OPERASIONAL & LAYANAN | J46: Associate | K46: KC Palembang Sriwijaya | L46: 2089 | M46: Peserta Magang
A47: K174459923 | B47: CUSTOMER SERVICE | C47: 328385 | D47: KCP | E47: Msy Nadia Hania Putri | F47: Customer Service | G47: KCP PASAR SAKO KENTEN | H47: Region 04 Palembang | I47: FUNGSI OPERASIONAL & LAYANAN | J47: Associate | K47: KC Palembang Sriwijaya | L47: 2206 | M47: Kontrak Teller/CS
A48: 0 | B48: CUSTOMER SERVICE | C48: 396867 | D48: KCP | E48: Siti Aprini Rahayu | F48: Customer Service | G48: KCP PASAR SAKO KENTEN | H48: Region 04 Palembang | I48: FUNGSI OPERASIONAL & LAYANAN | J48: Associate | K48: KC Palembang Sriwijaya | L48: 2206 | M48: Kontrak Teller/CS
A49: 0 | B49: TELLER | C49: 400000 | D49: KCP | E49: Clarissa Adisthy | F49: Teller | G49: KCP PASAR SAKO KENTEN | H49: Region 04 Palembang | I49: FUNGSI OPERASIONAL & LAYANAN | J49: Associate | K49: KC Palembang Sriwijaya | L49: 2206 | M49: Peserta Magang
A50: K533670125 | B50: CUSTOMER SERVICE | C50: 379079 | D50: KCP | E50: Berliana Febriyanti | F50: Customer Service | G50: KCP DEPATI AMIR | H50: Region 04 Palembang | I50: FUNGSI OPERASIONAL & LAYANAN | J50: Associate | K50: KC Pangkal Pinang | L50: 2193 | M50: Kontrak Teller/CS
A51: 0 | B51: TELLER | C51: 397035 | D51: KCP | E51: Muhamad Zidane | F51: Teller | G51: KCP DEPATI AMIR | H51: Region 04 Palembang | I51: KCP DEPATI AMIR | J51: Associate | K51: KC Pangkal Pinang | L51: 2193 | M51: Peserta Magang
A52: - | B52: CUSTOMER SERVICE | C52: 401091 | D52: KCP | E52: Razela Regina Putri | F52: Customer Service | G52: KCP KOBA | H52: Region 04 Palembang | I52: FUNGSI OPERASIONAL & LAYANAN | J52: Associate | K52: KC Pangkal Pinang | L52: 2194 | M52: Kontrak Teller/CS
A53: 0 | B53: TELLER | C53: 401516 | D53: KCP | E53: Sofiah Rahma Diya | F53: Teller | G53: KCP KOBA | H53: Region 04 Palembang | I53: FUNGSI OPERASIONAL & LAYANAN | J53: Associate | K53: KC Pangkal Pinang | L53: 2194 | M53: Peserta Magang
A54: K251779923 | B54: CUSTOMER SERVICE | C54: 336813 | D54: KCP | E54: Bunga Nadia Versia | F54: Customer Service | G54: KCP TOBOALI | H54: Region 04 Palembang | I54: FUNGSI OPERASIONAL & LAYANAN | J54: Associate | K54: KC Pangkal Pinang | L54: 2091 | M54: Kontrak Teller/CS
A55: 0 | B55: TELLER | C55: 413680 | D55: KCP | E55: Azzura Puti Faradiba | F55: Teller | G55: KCP TOBOALI | H55: Region 04 Palembang | I55: FUNGSI OPERASIONAL & LAYANAN | J55: Associate | K55: KC Pangkal Pinang | L55: 2091 | M55: Peserta Magang
A56: K553370025 | B56: CUSTOMER SERVICE | C56: 382049 | D56: KCP | E56: Melinia Febrianti | F56: Customer Service | G56: KCP PENDOPO | H56: Region 04 Palembang | I56: FUNGSI OPERASIONAL & LAYANAN | J56: Associate | K56: KC Prabumulih | L56: 2279 | M56: Kontrak Teller/CS
A57: K617620325 | B57: CUSTOMER SERVICE | C57: 391805 | D57: KCP | E57: Rakes | F57: Customer Service | G57: KCP PENDOPO | H57: Region 04 Palembang | I57: FUNGSI OPERASIONAL & LAYANAN | J57: Associate | K57: KC Prabumulih | L57: 2279 | M57: Kontrak Teller/CS
A58: M335960025 | B58: TELLER | C58: 393369 | D58: KCP | E58: Ra Silvi Oktaviani | F58: Teller | G58: KCP PENDOPO | H58: Region 04 Palembang | I58: FUNGSI OPERASIONAL & LAYANAN | J58: Associate | K58: KC Prabumulih | L58: 2279 | M58: Peserta Magang
A59: K532750025 | B59: CUSTOMER SERVICE | C59: 378512 | D59: KCP | E59: Igra Soliqin | F59: Customer Service | G59: KCP MUARA TEBO | H59: Region 04 Palembang | I59: FUNGSI OPERASIONAL & LAYANAN | J59: Associate | K59: KC Rimbo Bujang | L59: 2292 | M59: Kontrak Teller/CS
A60: K536130025 | B60: CUSTOMER SERVICE | C60: 379860 | D60: KCP | E60: Efi Deni Piyana | F60: Customer Service | G60: KCP MUARA TEBO | H60: Region 04 Palembang | I60: FUNGSI OPERASIONAL & LAYANAN | J60: Associate | K60: KC Rimbo Bujang | L60: 2292 | M60: Kontrak Teller/CS
A61: M295210125 | B61: TELLER | C61: 382069 | D61: KCP | E61: Dhea Aryona Putri | F61: Teller | G61: KCP MUARA TEBO | H61: Region 04 Palembang | I61: FUNGSI OPERASIONAL & LAYANAN | J61: Associate | K61: KC Rimbo Bujang | L61: 2292 | M61: Peserta Magang
A62: K435530024 | B62: CUSTOMER SERVICE | C62: 360917 | D62: KCP | E62: Yulia Nabilah | F62: Customer Service | G62: KCP PANGKALAN BALAI | H62: Region 04 Palembang | I62: FUNGSI OPERASIONAL & LAYANAN | J62: Associate | K62: KC Sekayu | L62: 1100 | M62: Kontrak Teller/CS
A63: K547280025 | B63: CUSTOMER SERVICE | C63: 381518 | D63: KCP | E63: Dwi Rahayu Ningsih | F63: Customer Service | G63: KCP PANGKALAN BALAI | H63: Region 04 Palembang | I63: FUNGSI OPERASIONAL & LAYANAN | J63: Associate | K63: KC Sekayu | L63: 1100 | M63: Kontrak Teller/CS
A64: 0 | B64: TELLER | C64: 400901 | D64: KCP | E64: Novrino Fika Wardana | F64: Teller | G64: KCP PANGKALAN BALAI | H64: Region 04 Palembang | I64: FUNGSI OPERASIONAL & LAYANAN | J64: Associate | K64: KC Sekayu | L64: 1100 | M64: Peserta Magang
A65: K525390125 | B65: CUSTOMER SERVICE | C65: 376940 | D65: KCP | E65: Nesya Dinda Aricha | F65: Customer Service | G65: KCP SUNGAI LILIN | H65: Region 04 Palembang | I65: FUNGSI OPERASIONAL & LAYANAN | J65: Associate | K65: KC Sekayu | L65: 670 | M65: Kontrak Teller/CS
A66: K531939925 | B66: CUSTOMER SERVICE | C66: 378186 | D66: KCP | E66: Army Juniar Hidayat | F66: Customer Service | G66: KCP SUNGAI LILIN | H66: Region 04 Palembang | I66: FUNGSI OPERASIONAL & LAYANAN | J66: Associate | K66: KC Sekayu | L66: 670 | M66: Kontrak Teller/CS
A67: 0 | B67: TELLER | C67: 399666 | D67: KCP | E67: Shannia Chandra Kirana | F67: Teller | G67: KCP SUNGAI LILIN | H67: Region 04 Palembang | I67: FUNGSI OPERASIONAL & LAYANAN | J67: Associate | K67: KC Sekayu | L67: 670 | M67: Peserta Magang
A68: K543800025 | B68: CUSTOMER SERVICE | C68: 380516 | D68: KCP | E68: Cut Mutia | F68: Customer Service | G68: KCP BELINYU | H68: Region 04 Palembang | I68: FUNGSI OPERASIONAL & LAYANAN | J68: Associate | K68: KC Sungai Liat | L68: 2145 | M68: Kontrak Teller/CS
A69: M317550225 | B69: TELLER | C69: 385557 | D69: KCP | E69: Finky Feibraroos | F69: Teller | G69: KCP BELINYU | H69: Region 04 Palembang | I69: FUNGSI OPERASIONAL & LAYANAN | J69: Associate | K69: KC Sungai Liat | L69: 2145 | M69: Peserta Magang
A70: K521779825 | B70: CUSTOMER SERVICE | C70: 375742 | D70: KCP | E70: Novika Farhandina | F70: Customer Service | G70: KCP MENTOK | H70: Region 04 Palembang | I70: FUNGSI OPERASIONAL & LAYANAN | J70: Associate | K70: KC Sungai Liat | L70: 2090 | M70: Kontrak Teller/CS
A71: M333370325 | B71: TELLER | C71: 392523 | D71: KCP | E71: Sabina Salsabila | F71: Teller | G71: KCP MENTOK | H71: Region 04 Palembang | I71: FUNGSI OPERASIONAL & LAYANAN | J71: Associate | K71: KC Sungai Liat | L71: 2090 | M71: Peserta Magang
A72: K517139824 | B72: CUSTOMER SERVICE | C72: 375231 | D72: KCP | E72: Oktavia Andita Putri | F72: Customer Service | G72: KCP MANGGAR | H72: Region 04 Palembang | I72: FUNGSI OPERASIONAL & LAYANAN | J72: Associate | K72: KC Tanjung Pandan | L72: 2093 | M72: Kontrak Teller/CS
A73: M312650225 | B73: TELLER | C73: 387871 | D73: KCP | E73: Amanda Putri Mulyadi | F73: Teller | G73: KCP MANGGAR | H73: Region 04 Palembang | I73: FUNGSI OPERASIONAL & LAYANAN | J73: Associate | K73: KC Tanjung Pandan | L73: 2093 | M73: Peserta Magang
A74: 0 | B74: TELLER | C74: 405032 | D74: KCP | E74: Abyan Nauvall | F74: Teller | G74: KCP MANGGAR | H74: Region 04 Palembang | I74: FUNGSI OPERASIONAL & LAYANAN | J74: Associate | K74: KC Tanjung Pandan | L74: 2093 | M74: Peserta Magang

Sheet Sheet17
A3: Count of JOBDESC | B3: Column Labels
A4: Row Labels | B4: CUSTOMER SERVICE | C4: TELLER | D4: (blank) | E4: Grand Total
A5: 20 | B5: 1 | C5: 1 | E5: 2
A6: 59 | B6: 3 | C6: 4 | E6: 7
A7: 63 | C7: 3 | E7: 3
A8: 179 | B8: 1 | C8: 1 | E8: 2
A9: (blank)
A10: Grand Total | B10: 5 | C10: 9 | E10: 14

Sheet KK
A1: NIP | B1: JOBDESC | C1: PERNR | D1: TIPE UKER | E1: COMPLETENAME | F1: KELOMPOK JABATAN | G1: MCTEXT | H1: PADESC | I1: ORGDESC | J1: CORP. TITLE | K1: PSADESC | L1: KODE BRANCH | M1: ESGDESC
A2: K625729825 | B2: CUSTOMER SERVICE | C2: 393616 | D2: KC | E2: Devis Lucky Pratama | F2: Customer Service | G2: K_1679_KK POLTABES JAMBI | H2: Region 04 Palembang | I2: KK POLTABES JAMBI | J2: Associate | K2: KC Jambi | L2: 20 | M2: Kontrak Teller/CS
A3: 0 | B3: TELLER | C3: 408958 | D3: KC | E3: Andini Destri Aulia | F3: Teller | G3: K_1679_KK POLTABES JAMBI | H3: Region 04 Palembang | I3: KK POLTABES JAMBI | J3: Associate | K3: KC Jambi | L3: 20 | M3: Peserta Magang
A4: K600190025 | B4: CUSTOMER SERVICE | C4: 387740 | D4: KC | E4: Raudah | F4: Customer Service | G4: K_1487_KK PEMATANG LUMUT | H4: Region 04 Palembang | I4: KK PEMATANG LUMUT | J4: Associate | K4: KC Kuala Tungkal | L4: 179 | M4: Kontrak Teller/CS
A5: M303940225 | B5: TELLER | C5: 385044 | D5: KC | E5: Merdiana Ferdila | F5: Teller | G5: K_1487_KK PEMATANG LUMUT | H5: Region 04 Palembang | I5: KK PEMATANG LUMUT | J5: Associate | K5: KC Kuala Tungkal | L5: 179 | M5: Peserta Magang
A6: K319660023 | B6: CUSTOMER SERVICE | C6: 342034 | D6: KC | E6: Nabila Stephanie Putri | F6: Customer Service | G6: K_1863_KK RS PERTAMINA PLAJU | H6: Region 04 Palembang | I6: KK RS PERTAMINA PLAJU | J6: Associate | K6: KC Palembang A. Rivai | L6: 59 | M6: Kontrak Teller/CS
A7: K429209824 | B7: CUSTOMER SERVICE | C7: 359331 | D7: KC | E7: Yuni Puspita | F7: Customer Service | G7: K_1500_KK POLTABES PALEMBANG | H7: Region 04 Palembang | I7: KK POLTABES PALEMBANG | J7: Associate | K7: KC Palembang A. Rivai | L7: 59 | M7: Kontrak Teller/CS
A8: K524219925 | B8: CUSTOMER SERVICE | C8: 376536 | D8: KC | E8: Meza Bustama Sari | F8: Customer Service | G8: K_1304_KK RS CHARITAS | H8: Region 04 Palembang | I8: KK RS CHARITAS | J8: Associate | K8: KC Palembang A. Rivai | L8: 59 | M8: Kontrak Teller/CS
A9: 0 | B9: TELLER | C9: 400437 | D9: KC | E9: Rafli Bagas Aditya | F9: Teller | G9: K_1500_KK POLTABES PALEMBANG | H9: Region 04 Palembang | I9: KK POLTABES PALEMBANG | J9: Associate | K9: KC Palembang A. Rivai | L9: 59 | M9: Peserta Magang
A10: 0 | B10: TELLER | C10: 400455 | D10: KC | E10: Riski Ramadhan | F10: Teller | G10: K_1304_KK RS CHARITAS | H10: Region 04 Palembang | I10: KK RS CHARITAS | J10: Associate | K10: KC Palembang A. Rivai | L10: 59 | M10: Peserta Magang
A11: 0 | B11: TELLER | C11: 402970 | D11: KC | E11: Faturrachman | F11: Teller | G11: K_1887_KK PUSRI | H11: Region 04 Palembang | I11: KK PUSRI | J11: Associate | K11: KC Palembang A. Rivai | L11: 59 | M11: Peserta Magang
A12: 0 | B12: TELLER | C12: 409371 | D12: KC | E12: Atika Maharani Yundai | F12: Teller | G12: K_1863_KK RS PERTAMINA PLAJU | H12: Region 04 Palembang | I12: KK RS PERTAMINA PLAJU | J12: Associate | K12: KC Palembang A. Rivai | L12: 59 | M12: Peserta Magang
A13: M286770325 | B13: TELLER | C13: 379090 | D13: KC | E13: Yasmin Salsabila Muntaz | F13: Teller | G13: K_1670_KK RUMAH SAKIT BAKTI TIMAH | H13: Region 04 Palembang | I13: KK RUMAH SAKIT BAKTI TIMAH | J13: Associate | K13: KC Pangkal Pinang | L13: 63 | M13: Peserta Magang
A14: 0 | B14: TELLER | C14: 404265 | D14: KC | E14: Melya Mardiana | F14: Teller | G14: K_1676_KK TASPEN PANGKAL PINANG | H14: Region 04 Palembang | I14: KK TASPEN PANGKAL PINANG | J14: Associate | K14: KC Pangkal Pinang | L14: 63 | M14: Peserta Magang
A15: 0 | B15: TELLER | C15: 408569 | D15: KC | E15: Ferdihan Haswin | F15: Teller | G15: K_1707_KK BANGKA TRADE CENTER | H15: Region 04 Palembang | I15: KK BANGKA TRADE CENTER | J15: Associate | K15: KC Pangkal Pinang | L15: 63 | M15: Peserta Magang

Sheet Sheet14
A3: Count of JOBDESC | B3: Column Labels
A4: Row Labels | B4: CUSTOMER SERVICE | C4: TELLER | D4: (blank) | E4: Grand Total
A5: 3286 | B5: 2 | C5: 1 | E5: 3
A6: 3373 | B6: 1 | C6: 2 | E6: 3
A7: 3388 | B7: 2 | C7: 2 | E7: 4
A8: 3389 | B8: 2 | C8: 1 | E8: 3
A9: 3393 | B9: 1 | C9: 2 | E9: 3
A10: 3395 | B10: 2 | C10: 2 | E10: 4
A11: 3396 | B11: 2 | C11: 1 | E11: 3
A12: 3397 | B12: 2 | C12: 1 | E12: 3
A13: 3550 | B13: 1 | C13: 1 | E13: 2
A14: 3552 | B14: 2 | C14: 1 | E14: 3
A15: 3553 | B15: 2 | C15: 1 | E15: 3
A16: 3554 | B16: 2 | C16: 1 | E16: 3
... A100: 5738 | B100: 1 | C100: 1 | E100: 2
A101: 5739 | B101: 2 | E101: 2
A102: 5740 | B102: 2 | C102: 1 | E102: 3
A103: 5742 | B103: 2 | C103: 1 | E103: 3
A104: 5743 | B104: 1 | C104: 1 | E104: 2
A105: 5745 | B105: 2 | C105: 1 | E105: 3
A106: 5746 | B106: 2 | C106: 1 | E106: 3
A107: 5747 | B107: 2 | C107: 2 | E107: 4
A108: 5749 | B108: 1 | C108: 1 | E108: 2
A109: 5750 | B109: 2 | C109: 2 | E109: 4
A110: 5753 | B110: 2 | C110: 1 | E110: 3
A111: 5755 | B111: 2 | C111: 1 | E111: 3
A112: 5756 | B112: 2 | C112: 1 | E112: 3
A113: 5757 | B113: 2 | C113: 1 | E113: 3
... A144: 7045 | B144: 2 | C144: 1 | E144: 3
A145: 7046 | B145: 2 | E145: 2
A146: 7047 | B146: 1 | C146: 1 | E146: 2
A147: 7048 | B147: 1 | C147: 1 | E147: 2
A148: 7049 | B148: 1 | C148: 1 | E148: 2
A149: 7050 | B149: 2 | C149: 1 | E149: 3
A150: 7051 | B150: 1 | C150: 1 | E150: 2
A151: 7052 | B151: 1 | C151: 1 | E151: 2
A152: 7054 | B152: 2 | C152: 1 | E152: 3
A153: 7080 | B153: 1 | C153: 1 | E153: 2
A154: 7101 | B154: 1 | C154: 1 | E154: 2
A155: 7102 | B155: 1 | C155: 1 | E155: 2
A156: 7103 | B156: 1 | C156: 1 | E156: 2
A157: 7104 | B157: 1 | C157: 1 | E157: 2
... A221: 8162 | B221: 1 | C221: 1 | E221: 2
A222: (blank)
A223: Grand Total | B223: 337 | C223: 253 | E223: 590

Sheet Sheet16

Sheet UNIT
A1: NIP | B1: JOBDESC | C1: PERNR | D1: TIPE UKER | E1: COMPLETENAME | F1: KELOMPOK JABATAN | G1: MCTEXT | H1: PADESC | I1: ORGDESC | J1: CORP. TITLE | K1: PSADESC | L1: KODE BRANCH | M1: ESGDESC
A2: K173399823 | B2: CUSTOMER SERVICE | C2: 328715 | D2: UN | E2: Ananda Jihan | F2: Customer Service | G2: U_5630_SIMPANG KAWAT | H2: Region 04 Palembang | I2: UNIT SIMPANG KAWAT | J2: Associate | K2: KC Abunjani Sipin | L2: 5630 | M2: Kontrak Teller/CS
A3: K367430023 | B3: CUSTOMER SERVICE | C3: 347095 | D3: UN | E3: Chastity Delania Daeli | F3: Customer Service | G3: U_7042_FATAHILAH | H3: Region 04 Palembang | I3: UNIT FATAHILAH | J3: Associate | K3: KC Abunjani Sipin | L3: 7042 | M3: Kontrak Teller/CS
A4: K400950023 | B4: CUSTOMER SERVICE | C4: 349672 | D4: UN | E4: Elza Dwi Safitri | F4: Customer Service | G4: U_5631_SIMPANG RIMBO | H4: Region 04 Palembang | I4: UNIT SIMPANG RIMBO | J4: Associate | K4: KC Abunjani Sipin | L4: 5631 | M4: Kontrak Teller/CS
A5: K400969923 | B5: CUSTOMER SERVICE | C5: 349673 | D5: UN | E5: Sri Puji Rahayu | F5: Customer Service | G5: U_5633_SULTAN THAHA | H5: Region 04 Palembang | I5: UNIT SULTAN THAHA | J5: Associate | K5: KC Abunjani Sipin | L5: 5633 | M5: Kontrak Teller/CS
A6: K393279924 | B6: CUSTOMER SERVICE | C6: 353821 | D6: UN | E6: Elga Nurhavita | F6: Customer Service | G6: U_5714_MENDALO INDAH | H6: Region 04 Palembang | I6: UNIT MENDALO INDAH | J6: Associate | K6: KC Abunjani Sipin | L6: 5714 | M6: Kontrak Teller/CS
A7: K626110025 | B7: CUSTOMER SERVICE | C7: 393713 | D7: UN | E7: Muhammad Rivaldo | F7: Customer Service | G7: U_7105_PETALING | H7: Region 04 Palembang | I7: UNIT PETALING | J7: Associate | K7: KC Abunjani Sipin | L7: 7105 | M7: Kontrak Teller/CS
A8: K626120125 | B8: CUSTOMER SERVICE | C8: 393714 | D8: UN | E8: Widia Hastuti | F8: Customer Service | G8: U_7103_KASANG JAYA | H8: Region 04 Palembang | I8: UNIT KASANG JAYA | J8: Associate | K8: KC Abunjani Sipin | L8: 7103 | M8: Kontrak Teller/CS
A9: 0 | B9: CUSTOMER SERVICE | C9: 402426 | D9: UN | E9: Azhar Sidik | F9: Customer Service | G9: U_7767_TALANG BAKUNG | H9: Region 04 Palembang | I9: UNIT TALANG BAKUNG | J9: Associate | K9: KC Abunjani Sipin | L9: 7767 | M9: Kontrak Teller/CS
A10: - | B10: CUSTOMER SERVICE | C10: 406319 | D10: UN | E10: Muhammad Yuda Syaputra | F10: Customer Service | G10: U_7338_MAYANG | H10: Region 04 Palembang | I10: UNIT MAYANG | J10: Associate | K10: KC Abunjani Sipin | L10: 7338 | M10: Kontrak Teller/CS
A11: - | B11: CUSTOMER SERVICE | C11: 407210 | D11: UN | E11: Meli Fitria | F11: Customer Service | G11: U_7338_MAYANG | H11: Region 04 Palembang | I11: UNIT MAYANG | J11: Associate | K11: KC Abunjani Sipin | L11: 7338 | M11: Kontrak Teller/CS
A12: - | B12: CUSTOMER SERVICE | C12: 407211 | D12: UN | E12: Analysia Kinanti Kastaman | F12: Customer Service | G12: U_7608_KEBUN HANDIL | H12: Region 04 Palembang | I12: UNIT KEBUN HANDIL | J12: Associate | K12: KC Abunjani Sipin | L12: 7608 | M12: Kontrak Teller/CS
A13: M287870225 | B13: TELLER | C13: 379306 | D13: UN | E13: Febricha Larasati Putri | F13: Teller | G13: U_7767_TALANG BAKUNG | H13: Region 04 Palembang | I13: UNIT TALANG BAKUNG | J13: Associate | K13: KC Abunjani Sipin | L13: 7767 | M13: Peserta Magang
A14: M290980025 | B14: TELLER | C14: 380521 | D14: UN | E14: Audre Nabila Suandry | F14: Teller | G14: U_5633_SULTAN THAHA | H14: Region 04 Palembang | I14: UNIT SULTAN THAHA | J14: Associate | K14: KC Abunjani Sipin | L14: 5633 | M14: Peserta Magang
A15: 0 | B15: TELLER | C15: 400915 | D15: UN | E15: Fahroza Suci Pratiwi | F15: Teller | G15: U_7608_KEBUN HANDIL | H15: Region 04 Palembang | I15: UNIT KEBUN HANDIL | J15: Associate | K15: KC Abunjani Sipin | L15: 7608 | M15: Peserta Magang
A16: 0 | B16: TELLER | C16: 402428 | D16: UN | E16: Risca Rahmadana | F16: Teller | G16: U_5631_SIMPANG RIMBO | H16: Region 04 Palembang | I16: UNIT SIMPANG RIMBO | J16: Associate | K16: KC Abunjani Sipin | L16: 5631 | M16: Peserta Magang
A17: 0 | B17: TELLER | C17: 402429 | D17: UN | E17: Putri Anggraini | F17: Teller | G17: U_7105_PETALING | H17: Region 04 Palembang | I17: UNIT PETALING | J17: Associate | K17: KC Abunjani Sipin | L17: 7105 | M17: Peserta Magang
A18: - | B18: TELLER | C18: 406318 | D18: UN | E18: Delfia Wulandari | F18: Teller | G18: U_5630_SIMPANG KAWAT | H18: Region 04 Palembang | I18: UNIT SIMPANG KAWAT | J18: Associate | K18: KC Abunjani Sipin | L18: 5630 | M18: Kontrak Teller/CS
A19: - | B19: TELLER | C19: 407421 | D19: UN | E19: Cici Agustina | F19: Teller | G19: U_7103_KASANG JAYA | H19: Region 04 Palembang | I19: UNIT KASANG JAYA | J19: Associate | K19: KC Abunjani Sipin | L19: 7103 | M19: Kontrak Teller/CS
A20: 0 | B20: TELLER | C20: 407495 | D20: UN | E20: Fahira | F20: Teller | G20: U_7042_FATAHILAH | H20: Region 04 Palembang | I20: UNIT FATAHILAH | J20: Associate | K20: KC Abunjani Sipin | L20: 7042 | M20: Peserta Magang
A21: 0 | B21: TELLER | C21: 407544 | D21: UN | E21: Fika Anjani | F21: Teller | G21: U_7338_MAYANG | H21: Region 04 Palembang | I21: UNIT MAYANG | J21: Associate | K21: KC Abunjani Sipin | L21: 7338 | M21: Peserta Magang
A22: 0 | B22: TELLER | C22: 413253 | D22: UN | E22: Aninah Tuzarrah | F22: Teller | G22: U_5714_MENDALO INDAH | H22: Region 04 Palembang | I22: UNIT MENDALO INDAH | J22: Associate | K22: KC Abunjani Sipin | L22: 5714 | M22: Peserta Magang
A23: K347739923 | B23: CUSTOMER SERVICE | C23: 344835 | D23: UN | E23: Winda Pajriyanti | F23: Customer Service | G23: U_3389_MERANGIN | H23: Region 04 Palembang | I23: UNIT MERANGIN | J23: Associate | K23: KC Bangko | L23: 3389 | M23: Kontrak Teller/CS
A24: K347759823 | B24: CUSTOMER SERVICE | C24: 344837 | D24: UN | E24: Lipia Sepna Ningsih | F24: Customer Service | G24: U_5603_PAMENANG | H24: Region 04 Palembang | I24: UNIT PAMENANG | J24: Associate | K24: KC Bangko | L24: 5603 | M24: Kontrak Teller/CS
A25: K434119924 | B25: CUSTOMER SERVICE | C25: 359716 | D25: UN | E25: Suci Ayu Indah Pratiwi | F25: Customer Service | G25: U_5602_HITAM ULU | H25: Region 04 Palembang | I25: UNIT HITAM ULU | J25: Associate | K25: KC Bangko | L25: 5602 | M25: Kontrak Teller/CS
A26: K454410024 | B26: CUSTOMER SERVICE | C26: 362547 | D26: UN | E26: Dina Aprista | F26: Customer Service | G26: U_3389_MERANGIN | H26: Region 04 Palembang | I26: UNIT MERANGIN | J26: Associate | K26: KC Bangko | L26: 3389 | M26: Kontrak Teller/CS
A27: K480609924 | B27: CUSTOMER SERVICE | C27: 368655 | D27: UN | E27: Sherina Mutia Hamida | F27: Customer Service | G27: U_7339_TAMBANG EMAS | H27: Region 04 Palembang | I27: UNIT TAMBANG EMAS | J27: Associate | K27: KC Bangko | L27: 7339 | M27: Kontrak Teller/CS
A28: K520979925 | B28: CUSTOMER SERVICE | C28: 375478 | D28: UN | E28: Mawar Septiani | F28: Customer Service | G28: U_5602_HITAM ULU | H28: Region 04 Palembang | I28: UNIT HITAM ULU | J28: Associate | K28: KC Bangko | L28: 5602 | M28: Kontrak Teller/CS
A29: K522180125 | B29: CUSTOMER SERVICE | C29: 375893 | D29: UN | E29: Anik Rahmawaty | F29: Customer Service | G29: U_3388_BANGKO KOTA | H29: Region 04 Palembang | I29: UNIT BANGKO KOTA | J29: Associate | K29: KC Bangko | L29: 3388 | M29: Kontrak Teller/CS
A30: K529510025 | B30: CUSTOMER SERVICE | C30: 377222 | D30: UN | E30: Nurul Vitara | F30: Customer Service | G30: U_5603_PAMENANG | H30: Region 04 Palembang | I30: UNIT PAMENANG | J30: Associate | K30: KC Bangko | L30: 5603 | M30: Kontrak Teller/CS
A31: K628150125 | B31: CUSTOMER SERVICE | C31: 393260 | D31: UN | E31: Asyirah Alda Dwitami | F31: Customer Service | G31: U_7102_RANTAU PANJANG | H31: Region 04 Palembang | I31: UNIT RANTAU PANJANG | J31: Associate | K31: KC Bangko | L31: 7102 | M31: Kontrak Teller/CS
A32: - | B32: CUSTOMER SERVICE | C32: 404605 | D32: UN | E32: Aya Sopia | F32: Customer Service | G32: U_3388_BANGKO KOTA | H32: Region 04 Palembang | I32: UNIT BANGKO KOTA | J32: Associate | K32: KC Bangko | L32: 3388 | M32: Kontrak Teller/CS
A33: - | B33: CUSTOMER SERVICE | C33: 404615 | D33: UN | E33: Alda Fariska Dewi | F33: Customer Service | G33: U_7663_MARGOYOSO | H33: Region 04 Palembang | I33: UNIT MARGOYOSO | J33: Associate | K33: KC Bangko | L33: 7663 | M33: Kontrak Teller/CS
A34: - | B34: CUSTOMER SERVICE | C34: 406877 | D34: UN | E34: Anggun Dwi Prameswari | F34: Customer Service | G34: U_8149_PINANG MERAH | H34: Region 04 Palembang | I34: UNIT PINANG MERAH | J34: Associate | K34: KC Bangko | L34: 8149 | M34: Kontrak Teller/CS
... A36: M333290225 | B36: TELLER | C36: 392501 | D36: UN | E36: Evi Nur Saputri | F36: Teller | G36: U_5602_HITAM ULU | H36: Region 04 Palembang | I36: UNIT HITAM ULU | J36: Associate | K36: KC Bangko | L36: 5602 | M36: Peserta Magang
A37: 0 | B37: TELLER | C37: 401204 | D37: UN | E37: Elsa Miranda R | F37: Teller | G37: U_3388_BANGKO KOTA | H37: Region 04 Palembang | I37: UNIT BANGKO KOTA | J37: Associate | K37: KC Bangko | L37: 3388 | M37: Peserta Magang
A38: - | B38: TELLER | C38: 404604 | D38: UN | E38: Annisa Vini Azwar | F38: Teller | G38: U_5603_PAMENANG | H38: Region 04 Palembang | I38: UNIT PAMENANG | J38: Associate | K38: KC Bangko | L38: 5603 | M38: Kontrak Teller/CS
A39: - | B39: TELLER | C39: 404606 | D39: UN | E39: Iftina Athifah | F39: Teller | G39: U_3388_BANGKO KOTA | H39: Region 04 Palembang | I39: UNIT BANGKO KOTA | J39: Associate | K39: KC Bangko | L39: 3388 | M39: Kontrak Teller/CS
A40: - | B40: TELLER | C40: 404607 | D40: UN | E40: Frieska Amanda Yovita | F40: Teller | G40: U_7663_MARGOYOSO | H40: Region 04 Palembang | I40: UNIT MARGOYOSO | J40: Associate | K40: KC Bangko | L40: 7663 | M40: Kontrak Teller/CS
A41: - | B41: TELLER | C41: 404608 | D41: UN | E41: Dia Fadila Handini | F41: Teller | G41: U_7339_TAMBANG EMAS | H41: Region 04 Palembang | I41: UNIT TAMBANG EMAS | J41: Associate | K41: KC Bangko | L41: 7339 | M41: Kontrak Teller/CS
A42: - | B42: TELLER | C42: 404623 | D42: UN | E42: Ririn Widya Ningsih | F42: Teller | G42: U_3389_MERANGIN | H42: Region 04 Palembang | I42: UNIT MERANGIN | J42: Associate | K42: KC Bangko | L42: 3389 | M42: Kontrak Teller/CS
A43: - | B43: TELLER | C43: 404624 | D43: UN | E43: Radha Salsabilla Elyndra | F43: Teller | G43: U_8149_PINANG MERAH | H43: Region 04 Palembang | I43: UNIT PINANG MERAH | J43: Associate | K43: KC Bangko | L43: 8149 | M43: Kontrak Teller/CS
A44: 0 | B44: TELLER | C44: 407447 | D44: UN | E44: Desi Fitriani | F44: Teller | G44: U_7102_RANTAU PANJANG | H44: Region 04 Palembang | I44: UNIT RANTAU PANJANG | J44: Associate | K44: KC Bangko | L44: 7102 | M44: Peserta Magang
A45: K174319623 | B45: CUSTOMER SERVICE | C45: 328386 | D45: UN | E45: Yohanes Abdi Prayogo | F45: Customer Service | G45: U_8052_PASAR ILIR | H45: Region 04 Palembang | I45: UNIT PASAR ILIR | J45: Associate | K45: KC Baturaja | L45: 8052 | M45: Kontrak Teller/CS
A46: K174129723 | B46: CUSTOMER SERVICE | C46: 328394 | D46: UN | E46: Sri Siswanti | F46: Customer Service | G46: U_5610_LINTAS SUMATERA | H46: Region 04 Palembang | I46: UNIT LINTAS SUMATERA | J46: Associate | K46: KC Baturaja | L46: 5610 | M46: Kontrak Teller/CS
A47: K401140023 | B47: CUSTOMER SERVICE | C47: 349711 | D47: UN | E47: Relin Permata Sari | F47: Customer Service | G47: U_5606_GATOT SUBROTO BATURAJA | H47: Region 04 Palembang | I47: UNIT GATOT SUBROTO BATURAJA | J47: Associate | K47: KC Baturaja | L47: 5606 | M47: Kontrak Teller/CS
A48: K401169923 | B48: CUSTOMER SERVICE | C48: 349713 | D48: UN | E48: Deffia Indah Kuswari | F48: Customer Service | G48: U_5608_GUMAWANG I | H48: Region 04 Palembang | I48: UNIT GUMAWANG I | J48: Associate | K48: KC Baturaja | L48: 5608 | M48: Kontrak Teller/CS
A49: K401170023 | B49: CUSTOMER SERVICE | C49: 349714 | D49: UN | E49: Indri Nabela | F49: Customer Service | G49: U_3286_KOTA BATURAJA | H49: Region 04 Palembang | I49: UNIT KOTA BATURAJA | J49: Associate | K49: KC Baturaja | L49: 3286 | M49: Kontrak Teller/CS
A50: K428759724 | B50: CUSTOMER SERVICE | C50: 357773 | D50: UN | E50: Bella Lorenza | F50: Customer Service | G50: U_5613_RAWA BENING | H50: Region 04 Palembang | I50: UNIT RAWA BENING | J50: Associate | K50: KC Baturaja | L50: 5613 | M50: Kontrak Teller/CS
A51: K443099924 | B51: CUSTOMER SERVICE | C51: 362378 | D51: UN | E51: Raymun Batara Marpaung | F51: Customer Service | G51: U_8150_SUMBER JAYA BELITANG | H51: Region 04 Palembang | I51: UNIT SUMBER JAYA BELITANG | J51: Associate | K51: KC Baturaja | L51: 8150 | M51: Kontrak Teller/CS
A52: K465889924 | B52: CUSTOMER SERVICE | C52: 366661 | D52: UN | E52: Septia Ramadila | F52: Customer Service | G52: U_7412_PENINJAUAN | H52: Region 04 Palembang | I52: UNIT PENINJAUAN | J52: Associate | K52: KC Baturaja | L52: 7412 | M52: Kontrak Teller/CS
A53: K495640024 | B53: CUSTOMER SERVICE | C53: 370981 | D53: UN | E53: Yovera Ariesta | F53: Customer Service | G53: U_5613_RAWA BENING | H53: Region 04 Palembang | I53: UNIT RAWA BENING | J53: Associate | K53: KC Baturaja | L53: 5613 | M53: Kontrak Teller/CS
A54: K495699824 | B54: CUSTOMER SERVICE | C54: 370991 | D54: UN | E54: Anggun Soraya Dyhati | F54: Customer Service | G54: U_5611_MARTAPURA | H54: Region 04 Palembang | I54: UNIT MARTAPURA | J54: Associate | K54: KC Baturaja | L54: 5611 | M54: Kontrak Teller/CS
A55: K495700224 | B55: CUSTOMER SERVICE | C55: 370992 | D55: UN | E55: Anisha Monadiza | F55: Customer Service | G55: U_5611_MARTAPURA | H55: Region 04 Palembang | I55: UNIT MARTAPURA | J55: Associate | K55: KC Baturaja | L55: 5611 | M55: Kontrak Teller/CS
A56: K495710024 | B56: CUSTOMER SERVICE | C56: 370993 | D56: UN | E56: Dwi Yuni Hartati | F56: Customer Service | G56: U_5612_MUARADUA | H56: Region 04 Palembang | I56: UNIT MUARADUA | J56: Associate | K56: KC Baturaja | L56: 5612 | M56: Kontrak Teller/CS
... A71: M335330125 | B71: TELLER | C71: 393167 | D71: UN | E71: Dwiki Dewantara | F71: Teller | G71: U_5614_PURWODADI | H71: Region 04 Palembang | I71: UNIT PURWODADI | J71: Associate | K71: KC Baturaja | L71: 5614 | M71: Peserta Magang
A72: 0 | B72: TELLER | C72: 398628 | D72: UN | E72: Vanessa | F72: Teller | G72: U_3286_KOTA BATURAJA | H72: Region 04 Palembang | I72: UNIT KOTA BATURAJA | J72: Associate | K72: KC Baturaja | L72: 3286 | M72: Peserta Magang
A73: 0 | B73: TELLER | C73: 398630 | D73: UN | E73: Julyana | F73: Teller | G73: U_5613_RAWA BENING | H73: Region 04 Palembang | I73: UNIT RAWA BENING | J73: Associate | K73: KC Baturaja | L73: 5613 | M73: Peserta Magang
A74: 0 | B74: TELLER | C74: 398631 | D74: UN | E74: Putri Ayu Andini | F74: Teller | G74: U_5607_NUSA BAKTI | H74: Region 04 Palembang | I74: UNIT NUSA BAKTI | J74: Associate | K74: KC Baturaja | L74: 5607 | M74: Peserta Magang
A75: 0 | B75: TELLER | C75: 398632 | D75: UN | E75: Intan Debby Melani | F75: Teller | G75: U_5612_MUARADUA | H75: Region 04 Palembang | I75: UNIT MUARADUA | J75: Associate | K75: KC Baturaja | L75: 5612 | M75: Peserta Magang
A76: 0 | B76: TELLER | C76: 398633 | D76: UN | E76: Diva Alifia Raudha | F76: Teller | G76: U_5610_LINTAS SUMATERA | H76: Region 04 Palembang | I76: UNIT LINTAS SUMATERA | J76: Associate | K76: KC Baturaja | L76: 5610 | M76: Peserta Magang
A77: 0 | B77: TELLER | C77: 402017 | D77: UN | E77: Martin Huda Firdiansyah | F77: Teller | G77: U_8150_SUMBER JAYA BELITANG | H77: Region 04 Palembang | I77: UNIT SUMBER JAYA BELITANG | J77: Associate | K77: KC Baturaja | L77: 8150 | M77: Peserta Magang
A78: 0 | B78: TELLER | C78: 402018 | D78: UN | E78: Dewi Sekar Wangi | F78: Teller | G78: U_5605_BATUMARTA | H78: Region 04 Palembang | I78: UNIT BATUMARTA | J78: Associate | K78: KC Baturaja | L78: 5605 | M78: Peserta Magang
A79: 0 | B79: TELLER | C79: 402173 | D79: UN | E79: Ketrin Purnama Sari | F79: Teller | G79: U_5611_MARTAPURA | H79: Region 04 Palembang | I79: UNIT MARTAPURA | J79: Associate | K79: KC Baturaja | L79: 5611 | M79: Peserta Magang
A80: 0 | B80: TELLER | C80: 404619 | D80: UN | E80: Tiara Poetri Syaharani | F80: Teller | G80: U_5612_MUARADUA | H80: Region 04 Palembang | I80: UNIT MUARADUA | J80: Associate | K80: KC Baturaja | L80: 5612 | M80: Peserta Magang
A81: 0 | B81: TELLER | C81: 404627 | D81: UN | E81: Prima Putri Rahayu | F81: Teller | G81: U_5606_GATOT SUBROTO BATURAJA | H81: Region 04 Palembang | I81: UNIT GATOT SUBROTO BATURAJA | J81: Associate | K81: KC Baturaja | L81: 5606 | M81: Peserta Magang
A82: 0 | B82: TELLER | C82: 404629 | D82: UN | E82: Pancha Sonya Racha Prasadewi | F82: Teller | G82: U_7041_SINAR PENIJAUAN | H82: Region 04 Palembang | I82: UNIT SINAR PENIJAUAN | J82: Associate | K82: KC Baturaja | L82: 7041 | M82: Peserta Magang
A83: 0 | B83: TELLER | C83: 404632 | D83: UN | E83: Grevita Hefiananda Velani | F83: Teller | G83: U_5605_BATUMARTA | H83: Region 04 Palembang | I83: UNIT BATUMARTA | J83: Associate | K83: KC Baturaja | L83: 5605 | M83: Peserta Magang
A84: 0 | B84: TELLER | C84: 409259 | D84: UN | E84: Rifqa Aulia Syalasani | F84: Teller | G84: U_5606_GATOT SUBROTO BATURAJA | H84: Region 04 Palembang | I84: UNIT GATOT SUBROTO BATURAJA | J84: Associate | K84: KC Baturaja | L84: 5606 | M84: Peserta Magang
A85: - | B85: TELLER | C85: 412399 | D85: UN | E85: Imelda Sari | F85: Teller | G85: U_8052_PASAR ILIR | H85: Region 04 Palembang | I85: UNIT PASAR ILIR | J85: Associate | K85: KC Baturaja | L85: 8052 | M85: Kontrak Teller/CS
A86: - | B86: TELLER | C86: 412400 | D86: UN | E86: Azmarilia | F86: Teller | G86: U_5609_HARJOWINANGUN | H86: Region 04 Palembang | I86: UNIT HARJOWINANGUN | J86: Associate | K86: KC Baturaja | L86: 5609 | M86: Kontrak Teller/CS
A87: - | B87: TELLER | C87: 412401 | D87: UN | E87: Selvy Yani | F87: Teller | G87: U_7412_PENINJAUAN | H87: Region 04 Palembang | I87: UNIT PENINJAUAN | J87: Associate | K87: KC Baturaja | L87: 7412 | M87: Kontrak Teller/CS
A88: K481169924 | B88: CUSTOMER SERVICE | C88: 368892 | D88: UN | E88: Nada Aprillia | F88: Customer Service | G88: U_5722_UNIVERSITAS JAMBI | H88: Region 04 Palembang | I88: UNIT UNIVERSITAS JAMBI | J88: Associate | K88: KC Jambi | L88: 5722 | M88: Kontrak Teller/CS
A89: K494460024 | B89: CUSTOMER SERVICE | C89: 370609 | D89: UN | E89: Saniyyah Afrileoni Mikiu | F89: Customer Service | G89: U_5632_SP IV SIPIN | H89: Region 04 Palembang | I89: UNIT SP IV SIPIN | J89: Associate | K89: KC Jambi | L89: 5632 | M89: Kontrak Teller/CS
A90: K522760025 | B90: CUSTOMER SERVICE | C90: 376063 | D90: UN | E90: Verdianto | F90: Customer Service | G90: U_5634_TALANG BANJAR | H90: Region 04 Palembang | I90: UNIT TALANG BANJAR | J90: Associate | K90: KC Jambi | L90: 5634 | M90: Kontrak Teller/CS
A91: K522809925 | B91: CUSTOMER SERVICE | C91: 376085 | D91: UN | E91: Aditya Widianto | F91: Customer Service | G91: U_5718_SIMPANG PRAMUKA | H91: Region 04 Palembang | I91: UNIT SIMPANG PRAMUKA | J91: Associate | K91: KC Jambi | L91: 5718 | M91: Kontrak Teller/CS
A92: K529520025 | B92: CUSTOMER SERVICE | C92: 377223 | D92: UN | E92: Yurike Faticasari | F92: Customer Service | G92: U_5635_THE HOK | H92: Region 04 Palembang | I92: UNIT THE HOK | J92: Associate | K92: KC Jambi | L92: 5635 | M92: Kontrak Teller/CS
A93: K546420025 | B93: CUSTOMER SERVICE | C93: 381396 | D93: UN | E93: Edwin Juan Sinaga | F93: Customer Service | G93: U_3552_SENGETI | H93: Region 04 Palembang | I93: UNIT SENGETI | J93: Associate | K93: KC Jambi | L93: 3552 | M93: Kontrak Teller/CS
A94: K546440125 | B94: CUSTOMER SERVICE | C94: 381401 | D94: UN | E94: Sindi Permata Sari | F94: Customer Service | G94: U_5634_TALANG BANJAR | H94: Region 04 Palembang | I94: UNIT TALANG BANJAR | J94: Associate | K94: KC Jambi | L94: 5634 | M94: Kontrak Teller/CS
A95: K560849925 | B95: CUSTOMER SERVICE | C95: 384469 | D95: UN | E95: Ahmad Rian Fathoni | F95: Customer Service | G95: U_5721_TEMPINO | H95: Region 04 Palembang | I95: UNIT TEMPINO | J95: Associate | K95: KC Jambi | L95: 5721 | M95: Kontrak Teller/CS
A96: K621209925 | B96: CUSTOMER SERVICE | C96: 392435 | D96: UN | E96: Tiara Ramadhanti | F96: Customer Service | G96: U_5628_ANGSO DUO | H96: Region 04 Palembang | I96: UNIT ANGSO DUO | J96: Associate | K96: KC Jambi | L96: 5628 | M96: Kontrak Teller/CS
... A105: M333320225 | B105: TELLER | C105: 392513 | D105: UN | E105: Septya Dwihanny Aulia | F105: Teller | G105: U_5635_THE HOK | H105: Region 04 Palembang | I105: UNIT THE HOK | J105: Associate | K105: KC Jambi | L105: 5635 | M105: Peserta Magang
A106: 0 | B106: TELLER | C106: 401619 | D106: UN | E106: Annisa Risna Azzahra | F106: Teller | G106: U_5721_TEMPINO | H106: Region 04 Palembang | I106: UNIT TEMPINO | J106: Associate | K106: KC Jambi | L106: 5721 | M106: Peserta Magang
A107: 0 | B107: TELLER | C107: 401622 | D107: UN | E107: Mutiara Hamsah | F107: Teller | G107: U_5722_UNIVERSITAS JAMBI | H107: Region 04 Palembang | I107: UNIT UNIVERSITAS JAMBI | J107: Associate | K107: KC Jambi | L107: 5722 | M107: Peserta Magang
A108: 0 | B108: TELLER | C108: 401623 | D108: UN | E108: Taufik Hidayah | F108: Teller | G108: U_5718_SIMPANG PRAMUKA | H108: Region 04 Palembang | I108: UNIT SIMPANG PRAMUKA | J108: Associate | K108: KC Jambi | L108: 5718 | M108: Peserta Magang
A109: 0 | B109: TELLER | C109: 401628 | D109: UN | E109: Heldy Basa Angelita Br Hutasoit | F109: Teller | G109: U_5628_ANGSO DUO | H109: Region 04 Palembang | I109: UNIT ANGSO DUO | J109: Associate | K109: KC Jambi | L109: 5628 | M109: Peserta Magang
A110: 0 | B110: TELLER | C110: 401877 | D110: UN | E110: Rahma Deni Putri Haimda | F110: Teller | G110: U_3552_SENGETI | H110: Region 04 Palembang | I110: UNIT SENGETI | J110: Associate | K110: KC Jambi | L110: 3552 | M110: Peserta Magang
A111: 0 | B111: TELLER | C111: 406321 | D111: UN | E111: Alvin Alfarino | F111: Teller | G111: U_5629_AUR_DURI | H111: Region 04 Palembang | I111: UNIT AUR DURI | J111: Associate | K111: KC Jambi | L111: 5629 | M111: Peserta Magang
A112: 0 | B112: TELLER | C112: 408923 | D112: UN | E112: Haura Farikha Prameshwari | F112: Teller | G112: U_5634_TALANG BANJAR | H112: Region 04 Palembang | I112: UNIT TALANG BANJAR | J112: Associate | K112: KC Jambi | L112: 5634 | M112: Peserta Magang
A113: 0 | B113: TELLER | C113: 410295 | D113: UN | E113: Ahmad Nur Rohman | F113: Teller | G113: U_5635_THE HOK | H113: Region 04 Palembang | I113: UNIT THE HOK | J113: Associate | K113: KC Jambi | L113: 5635 | M113: Peserta Magang
A114: K174519623 | B114: CUSTOMER SERVICE | C114: 328351 | D114: UN | E114: Mayasari | F114: Customer Service | G114: U_5638_KAYU AGUNG I | H114: Region 04 Palembang | I114: UNIT KAYU AGUNG I | J114: Associate | K114: KC Kayu Agung | L114: 5638 | M114: Kontrak Teller/CS
A115: K173009823 | B115: CUSTOMER SERVICE | C115: 328354 | D115: UN | E115: Rahma Ayu Antika | F115: Customer Service | G115: U_5647_TANJUNG RAJA | H115: Region 04 Palembang | I115: UNIT TANJUNG RAJA | J115: Associate | K115: KC Kayu Agung | L115: 5647 | M115: Kontrak Teller/CS
A116: K173799823 | B116: CUSTOMER SERVICE | C116: 328357 | D116: UN | E116: Bunga Islamiati | F116: Customer Service | G116: U_5645_TANJUNG BATU | H116: Region 04 Palembang | I116: UNIT TANJUNG BATU | J116: Associate | K116: KC Kayu Agung | L116: 5645 | M116: Kontrak Teller/CS
A117: K174150223 | B117: CUSTOMER SERVICE | C117: 328367 | D117: UN | E117: Muhammad Rehan Ilyasa | F117: Customer Service | G117: U_5638_KAYU AGUNG I | H117: Region 04 Palembang | I117: UNIT KAYU AGUNG I | J117: Associate | K117: KC Kayu Agung | L117: 5638 | M117: Kontrak Teller/CS
A118: K248879723 | B118: CUSTOMER SERVICE | C118: 332919 | D118: UN | E118: Fifi Fariska | F118: Customer Service | G118: U_5644_SIMPANG TIMBANGAN | H118: Region 04 Palembang | I118: UNIT SIMPANG TIMBANGAN | J118: Associate | K118: KC Kayu Agung | L118: 5644 | M118: Kontrak Teller/CS
A119: K249339723 | B119: CUSTOMER SERVICE | C119: 335631 | D119: UN | E119: Indriansyah | F119: Customer Service | G119: U_5641_PAMPANGAN | H119: Region 04 Palembang | I119: UNIT PAMPANGAN | J119: Associate | K119: KC Kayu Agung | L119: 5641 | M119: Kontrak Teller/CS
A120: K249369823 | B120: CUSTOMER SERVICE | C120: 335634 | D120: UN | E120: Putri Misbawati | F120: Customer Service | G120: U_5643_SIRAH PULAU PADANG | H120: Region 04 Palembang | I120: UNIT SIRAH PULAU PADANG | J120: Associate | K120: KC Kayu Agung | L120: 5643 | M120: Kontrak Teller/CS
A121: K251489723 | B121: CUSTOMER SERVICE | C121: 336811 | D121: UN | E121: Indah Suci Lestari | F121: Customer Service | G121: U_5636_CINTA MANIS | H121: Region 04 Palembang | I121: UNIT CINTA MANIS | J121: Associate | K121: KC Kayu Agung | L121: 5636 | M121: Kontrak Teller/CS
A122: K319009923 | B122: CUSTOMER SERVICE | C122: 341494 | D122: UN | E122: Ayu Meiliani | F122: Customer Service | G122: U_5644_SIMPANG TIMBANGAN | H122: Region 04 Palembang | I122: UNIT SIMPANG TIMBANGAN | J122: Associate | K122: KC Kayu Agung | L122: 5644 | M122: Kontrak Teller/CS
A123: K400880023 | B123: CUSTOMER SERVICE | C123: 349665 | D123: UN | E123: Annisa Shevania Zahara | F123: Customer Service | G123: U_5640_LUBUK SEBERUK | H123: Region 04 Palembang | I123: UNIT LUBUK SEBERUK | J123: Associate | K123: KC Kayu Agung | L123: 5640 | M123: Kontrak Teller/CS
...

Sheet Sheet13
A3: Count of JOBDESC | B3: Column Labels
A4: Row Labels | B4: CUSTOMER SERVICE | C4: TELLER | D4: (blank) | E4: Grand Total
A5: 3286 | B5: 1 | C5: 1 | E5: 2
A6: 3373 | B6: 1 | C6: 1 | E6: 2
A7: 3388 | B7: 1 | C7: 1 | E7: 2
A8: 3393 | B8: 1 | C8: 1 | E8: 2
A9: 3395 | B9: 1 | C9: 1 | E9: 2
A10: 3397 | B10: 1 | C10: 1 | E10: 2
A11: 3550 | B11: 1 | C11: 1 | E11: 2
A12: 3554 | B12: 1 | C12: 1 | E12: 2
A13: 5604 | B13: 1 | C13: 1 | E13: 2
A14: 5605 | B14: 1 | C14: 1 | E14: 2
A15: 5609 | B15: 1 | C15: 1 | E15: 2
A16: 5611 | B16: 1 | C16: 1 | E16: 2
A17: 5628 | C17: 1 | E17: 1
A18: 5675 | C18: 1 | E18: 1
A19: 5725 | B19: 1 | C19: 1 | E19: 2
A20: 5727 | B20: 1 | C20: 1 | E20: 2
A21: 5728 | B21: 1 | C21: 1 | E21: 2
A22: 5729 | B22: 1 | C22: 1 | E22: 2
A23: 5730 | B23: 2 | C23: 2 | E23: 4
A24: 5732 | B24: 1 | C24: 1 | E24: 2
A25: 5736 | B25: 1 | C25: 1 | E25: 2
A26: 5739 | B26: 1 | C26: 1 | E26: 2
A27: 5761 | B27: 1 | C27: 1 | E27: 2
A28: 5764 | B28: 1 | C28: 1 | E28: 2
A29: 5765 | B29: 1 | C29: 1 | E29: 2
A30: 5788 | B30: 1 | C30: 1 | E30: 2
... A33: 8062 | B33: 1 | C33: 1 | E33: 2
A34: (blank)
A35: Grand Total | B35: 28 | C35: 30 | E35: 58

Sheet TERAS
A1: NIP | B1: JOBDESC | C1: PERNR | D1: TIPE UKER | E1: COMPLETENAME | F1: KELOMPOK JABATAN | G1: MCTEXT | H1: PADESC | I1: ORGDESC | J1: CORP. TITLE | K1: PSADESC | L1: KODE BRANCH | M1: ESGDESC
A2: - | B2: CUSTOMER SERVICE | C2: 400890 | D2: UN | E2: Ananda Elsa Ifani | F2: Customer Service | G2: U_3388_BANGKO KOTA | H2: Region 04 Palembang | I2: TERAS PASAR BARU | J2: Associate | K2: KC Bangko | L2: 3388 | M2: Kontrak Teller/CS
A3: 0 | B3: TELLER | C3: 406876 | D3: UN | E3: Anya Fidela Arista | F3: Teller | G3: U_3388_BANGKO KOTA | H3: Region 04 Palembang | I3: TERAS PASAR BARU | J3: Associate | K3: KC Bangko | L3: 3388 | M3: Peserta Magang
A4: K173509823 | B4: CUSTOMER SERVICE | C4: 328405 | D4: UN | E4: Tata Angraini | F4: Customer Service | G4: U_3286_KOTA BATURAJA | H4: Region 04 Palembang | I4: TERAS PASAR BARU BATURAJA | J4: Associate | K4: KC Baturaja | L4: 3286 | M4: Kontrak Teller/CS
A5: K495650224 | B5: CUSTOMER SERVICE | C5: 370982 | D5: UN | E5: Wardatuz Zakiatul Aufa | F5: Customer Service | G5: U_5611_MARTAPURA | H5: Region 04 Palembang | I5: TERAS MARTAPURA | J5: Associate | K5: KC Baturaja | L5: 5611 | M5: Kontrak Teller/CS
A6: - | B6: CUSTOMER SERVICE | C6: 400891 | D6: UN | E6: Muhammad Fachran Reza | F6: Customer Service | G6: U_5605_BATUMARTA | H6: Region 04 Palembang | I6: TERAS UNIT 6 | J6: Associate | K6: KC Baturaja | L6: 5605 | M6: Kontrak Teller/CS
A7: - | B7: CUSTOMER SERVICE | C7: 404720 | D7: UN | E7: Repi Yanutri | F7: Customer Service | G7: U_5609_HARJOWINANGUN | H7: Region 04 Palembang | I7: TERAS SIDORAHAYU | J7: Associate | K7: KC Baturaja | L7: 5609 | M7: Kontrak Teller/CS
A8: M333330025 | B8: TELLER | C8: 392517 | D8: UN | E8: Restiyuan Cikomandalia | F8: Teller | G8: U_3286_KOTA BATURAJA | H8: Region 04 Palembang | I8: TERAS PASAR BARU BATURAJA | J8: Associate | K8: KC Baturaja | L8: 3286 | M8: Peserta Magang
A9: 0 | B9: TELLER | C9: 402020 | D9: UN | E9: Ahmad Gandi | F9: Teller | G9: U_5605_BATUMARTA | H9: Region 04 Palembang | I9: TERAS UNIT 6 | J9: Associate | K9: KC Baturaja | L9: 5605 | M9: Peserta Magang
A10: 0 | B10: TELLER | C10: 404669 | D10: UN | E10: Shintia Apriani | F10: Teller | G10: U_5611_MARTAPURA | H10: Region 04 Palembang | I10: TERAS MARTAPURA | J10: Associate | K10: KC Baturaja | L10: 5611 | M10: Peserta Magang
A11: 0 | B11: TELLER | C11: 404675 | D11: UN | E11: Nadia Frasiska | F11: Teller | G11: U_5609_HARJOWINANGUN | H11: Region 04 Palembang | I11: TERAS SIDORAHAYU | J11: Associate | K11: KC Baturaja | L11: 5609 | M11: Peserta Magang
A12: K429199824 | B12: TELLER | C12: 359085 | D12: UN | E12: Tika Wahyuni | F12: Teller | G12: U_5628_ANGSO DUO | H12: Region 04 Palembang | I12: TERAS ANGSO DUO | J12: Associate | K12: KC Jambi | L12: 5628 | M12: Kontrak Teller/CS
A13: K174209723 | B13: CUSTOMER SERVICE | C13: 328548 | D13: UN | E13: Syahira Hidaya | F13: Customer Service | G13: U_3550_TEBING TINGGI LAHAT | H13: Region 04 Palembang | I13: TERAS PASAR ILIR | J13: Associate | K13: KC Lahat | L13: 3550 | M13: Kontrak Teller/CS
A14: K521060025 | B14: CUSTOMER SERVICE | C14: 375499 | D14: UN | E14: Hani Juita Putri | F14: Customer Service | G14: U_3393_PASAR LAMA | H14: Region 04 Palembang | I14: TERAS KAVLING | J14: Associate | K14: KC Lahat | L14: 3393 | M14: Kontrak Teller/CS
A15: M284030125 | B15: TELLER | C15: 378197 | D15: UN | E15: Deni Triansyah | F15: Teller | G15: U_5675_PASAR LEMATANG | H15: Region 04 Palembang | I15: TERAS PTM SQUARE | J15: Associate | K15: KC Lahat | L15: 5675 | M15: Peserta Magang
A16: M315880125 | B16: TELLER | C16: 388684 | D16: UN | E16: Rizki Arya Nugraha | F16: Teller | G16: U_3550_TEBING TINGGI LAHAT | H16: Region 04 Palembang | I16: TERAS PASAR ILIR | J16: Associate | K16: KC Lahat | L16: 3550 | M16: Peserta Magang
A17: 0 | B17: TELLER | C17: 399624 | D17: UN | E17: M Ridho | F17: Teller | G17: U_3393_PASAR LAMA | H17: Region 04 Palembang | I17: TERAS KAVLING | J17: Associate | K17: KC Lahat | L17: 3393 | M17: Peserta Magang
A18: K477639824 | B18: CUSTOMER SERVICE | C18: 367987 | D18: UN | E18: Tifani Claudi Arum | F18: Customer Service | G18: U_5730_SUDIRMAN MUARA ENIM | H18: Region 04 Palembang | I18: TERAS UJAN MAS | J18: Associate | K18: KC Muara Enim | L18: 5730 | M18: Kontrak Teller/CS
A19: K512900224 | B19: CUSTOMER SERVICE | C19: 373726 | D19: UN | E19: Vina Resalia | F19: Customer Service | G19: U_5732_TANJUNG ENIM | H19: Region 04 Palembang | I19: TERAS PASAR TANJUNG ENIM | J19: Associate | K19: KC Muara Enim | L19: 5732 | M19: Kontrak Teller/CS
A20: K552870125 | B20: CUSTOMER SERVICE | C20: 381903 | D20: UN | E20: Halimah Tusa'diah | F20: Customer Service | G20: U_5730_SUDIRMAN MUARA ENIM | H20: Region 04 Palembang | I20: TERAS MUARA HARAPAN | J20: Associate | K20: KC Muara Enim | L20: 5730 | M20: Kontrak Teller/CS
A21: K559780025 | B21: CUSTOMER SERVICE | C21: 384112 | D21: UN | E21: Warikon Wasi | F21: Customer Service | G21: U_5729_PULAU PANGGUNG | H21: Region 04 Palembang | I21: TERAS TG. TUBANG | J21: Associate | K21: KC Muara Enim | L21: 5729 | M21: Kontrak Teller/CS
A22: K602530225 | B22: CUSTOMER SERVICE | C22: 388315 | D22: UN | E22: Tiara Sri Rezki | F22: Customer Service | G22: U_5728_MUARA ENIM | H22: Region 04 Palembang | I22: TERAS PASAR MUARA ENIM | J22: Associate | K22: KC Muara Enim | L22: 5728 | M22: Kontrak Teller/CS
A23: - | B23: CUSTOMER SERVICE | C23: 413386 | D23: UN | E23: Shah Jeehan Alied Fahlan | F23: Customer Service | G23: U_5727_GUNUNG MEGANG | H23: Region 04 Palembang | I23: TERAS SUMAJA MAKMUR | J23: Associate | K23: KC Muara Enim | L23: 5727 | M23: Kontrak Teller/CS
A24: M280320125 | B24: TELLER | C24: 377302 | D24: UN | E24: Adella Cahyani | F24: Teller | G24: U_5727_GUNUNG MEGANG | H24: Region 04 Palembang | I24: TERAS SUMAJA MAKMUR | J24: Associate | K24: KC Muara Enim | L24: 5727 | M24: Peserta Magang
A25: 0 | B25: TELLER | C25: 395380 | D25: UN | E25: Melssy Fransisca | F25: Teller | G25: U_5730_SUDIRMAN MUARA ENIM | H25: Region 04 Palembang | I25: TERAS MUARA HARAPAN | J25: Associate | K25: KC Muara Enim | L25: 5730 | M25: Peserta Magang
A26: 0 | B26: TELLER | C26: 397090 | D26: UN | E26: Moh Dewa Hary S | F26: Teller | G26: U_5728_MUARA ENIM | H26: Region 04 Palembang | I26: TERAS PASAR MUARA ENIM | J26: Associate | K26: KC Muara Enim | L26: 5728 | M26: Peserta Magang
A27: 0 | B27: TELLER | C27: 397872 | D27: UN | E27: Agel Andrean | F27: Teller | G27: U_5729_PULAU PANGGUNG | H27: Region 04 Palembang | I27: TERAS TG. TUBANG | J27: Associate | K27: KC Muara Enim | L27: 5729 | M27: Peserta Magang
A28: 0 | B28: TELLER | C28: 403331 | D28: UN | E28: Isaura Laprilia | F28: Teller | G28: U_5732_TANJUNG ENIM | H28: Region 04 Palembang | I28: TERAS PASAR TANJUNG ENIM | J28: Associate | K28: KC Muara Enim | L28: 5732 | M28: Peserta Magang
A29: 0 | B29: TELLER | C29: 403333 | D29: UN | E29: M Rio Saragih | F29: Teller | G29: U_5730_SUDIRMAN MUARA ENIM | H29: Region 04 Palembang | I29: TERAS UJAN MAS | J29: Associate | K29: KC Muara Enim | L29: 5730 | M29: Peserta Magang
A30: - | B30: CUSTOMER SERVICE | C30: 398832 | D30: UN | E30: Derimariani | F30: Customer Service | G30: U_5736_PAGAR ALAM | H30: Region 04 Palembang | I30: TERAS NENDAGUNG | J30: Associate | K30: KC Pagar Alam | L30: 5736 | M30: Kontrak Teller/CS
A31: K602639925 | B31: TELLER | C31: 388349 | D31: UN | E31: Zerra Novalina | F31: Teller | G31: U_5736_PAGAR ALAM | H31: Region 04 Palembang | I31: TERAS NENDAGUNG | J31: Associate | K31: KC Pagar Alam | L31: 5736 | M31: Kontrak Teller/CS
A32: 0 | B32: CUSTOMER SERVICE | C32: 396865 | D32: UN | E32: DWI YULIANTI IRHAM | F32: Customer Service | G32: U_5739_KEBUN BUNGA | H32: Region 04 Palembang | I32: TERAS TALANG JAMBE | J32: Associate | K32: KC Palembang Sriwijaya | L32: 5739 | M32: Kontrak Teller/CS
A33: 0 | B33: CUSTOMER SERVICE | C33: 409373 | D33: UN | E33: Fitriayu Iryanda Sekartaji | F33: Customer Service | G33: U_5788_SUKAJADI | H33: Region 04 Palembang | I33: TERAS TANJUNG SIAPI-API | J33: Associate | K33: KC Palembang Sriwijaya | L33: 5788 | M33: Kontrak Teller/CS
A34: 0 | B34: CUSTOMER SERVICE | C34: 413519 | D34: UN | E34: Nyayu Afriza Alhusna | F34: Customer Service | G34: U_5761_KENTEN SAKO | H34: Region 04 Palembang | I34: TERAS PASAR SAKO | J34: Associate | K34: KC Palembang Sriwijaya | L34: 5761 | M34: Kontrak Teller/CS
A35: 0 | B35: TELLER | C35: 409384 | D35: UN | E35: Muhammad Maulana Al Farizi | F35: Teller | G35: U_5761_KENTEN SAKO | H35: Region 04 Palembang | I35: TERAS PASAR SAKO | J35: Associate | K35: KC Palembang Sriwijaya | L35: 5761 | M35: Peserta Magang
A36: 0 | B36: TELLER | C36: 409385 | D36: UN | E36: Alan Refaldi | F36: Teller | G36: U_5788_SUKAJADI | H36: Region 04 Palembang | I36: TERAS TANJUNG SIAPI-API | J36: Associate | K36: KC Palembang Sriwijaya | L36: 5788 | M36: Peserta Magang
A37: 0 | B37: TELLER | C37: 409386 | D37: UN | E37: Rizki Dwi Rahmat | F37: Teller | G37: U_5739_KEBUN BUNGA | H37: Region 04 Palembang | I37: TERAS TALANG JAMBE | J37: Associate | K37: KC Palembang Sriwijaya | L37: 5739 | M37: Peserta Magang
A38: K400999923 | B38: CUSTOMER SERVICE | C38: 349687 | D38: UN | E38: Deasy Rahmiyana | F38: Customer Service | G38: U_5765_PANGKAL PINANG II | H38: Region 04 Palembang | I38: TERAS PASAR PAGI | J38: Associate | K38: KC Pangkal Pinang | L38: 5765 | M38: Kontrak Teller/CS
A39: K427320024 | B39: CUSTOMER SERVICE | C39: 360731 | D39: UN | E39: Mely Sintia | F39: Customer Service | G39: U_7142_SOEKARNO HATTA PANGKALPINANG | H39: Region 04 Palembang | I39: TERAS NAMANG | J39: Associate | K39: KC Pangkal Pinang | L39: 7142 | M39: Kontrak Teller/CS
A40: - | B40: CUSTOMER SERVICE | C40: 413605 | D40: UN | E40: Anisa Meilianti | F40: Customer Service | G40: U_5764_KOBA | H40: Region 04 Palembang | I40: TERAS LUBUK BESAR | J40: Associate | K40: KC Pangkal Pinang | L40: 5764 | M40: Kontrak Teller/CS
A41: - | B41: CUSTOMER SERVICE | C41: 413711 | D41: UN | E41: Grasia Viorina | F41: Customer Service | G41: U_3397_PANGKAL PINANG I | H41: Region 04 Palembang | I41: TERAS PASAR PASIR PUTIH | J41: Associate | K41: KC Pangkal Pinang | L41: 3397 | M41: Kontrak Teller/CS
A42: M326270325 | B42: TELLER | C42: 389742 | D42: UN | E42: Kevin Georgy Kilen | F42: Teller | G42: U_5764_KOBA | H42: Region 04 Palembang | I42: TERAS LUBUK BESAR | J42: Associate | K42: KC Pangkal Pinang | L42: 5764 | M42: Peserta Magang
A43: M336000525 | B43: TELLER | C43: 393373 | D43: UN | E43: Oloan Suryadjaya S | F43: Teller | G43: U_3397_PANGKAL PINANG I | H43: Region 04 Palembang | I43: TERAS PASAR PASIR PUTIH | J43: Associate | K43: KC Pangkal Pinang | L43: 3397 | M43: Peserta Magang
A44: M338620225 | B44: TELLER | C44: 394572 | D44: UN | E44: Christin Claudia Tambunan | F44: Teller | G44: U_7142_SOEKARNO HATTA PANGKALPINANG | H44: Region 04 Palembang | I44: TERAS NAMANG | J44: Associate | K44: KC Pangkal Pinang | L44: 7142 | M44: Peserta Magang
A45: 0 | B45: TELLER | C45: 413688 | D45: UN | E45: Rendi | F45: Teller | G45: U_5765_PANGKAL PINANG II | H45: Region 04 Palembang | I45: TERAS PASAR PAGI | J45: Associate | K45: KC Pangkal Pinang | L45: 5765 | M45: Peserta Magang
A46: K173419623 | B46: CUSTOMER SERVICE | C46: 328806 | D46: UN | E46: Novika Vionita M | F46: Customer Service | G46: U_3554_MUARA TEBO | H46: Region 04 Palembang | I46: TERAS PASAR MUARA TEBO | J46: Associate | K46: KC Rimbo Bujang | L46: 3554 | M46: Kontrak Teller/CS
A47: - | B47: CUSTOMER SERVICE | C47: 408922 | D47: UN | E47: Gendis Ajeng Windu Asri | F47: Customer Service | G47: U_3395_RIMBO BUJANG | H47: Region 04 Palembang | I47: TERAS PASAR SARINAH RIMBO BUJANG | J47: Associate | K47: KC Rimbo Bujang | L47: 3395 | M47: Kontrak Teller/CS
A48: - | B48: CUSTOMER SERVICE | C48: 410746 | D48: UN | E48: Joko Suriadi | F48: Customer Service | G48: U_5725_SUNGAI BENGKAL | H48: Region 04 Palembang | I48: TERAS SIMPANG NIAM | J48: Associate | K48: KC Rimbo Bujang | L48: 5725 | M48: Kontrak Teller/CS
A49: M293280025 | B49: TELLER | C49: 381397 | D49: UN | E49: Fauzan Fernaldo | F49: Teller | G49: U_3395_RIMBO BUJANG | H49: Region 04 Palembang | I49: TERAS PASAR SARINAH RIMBO BUJANG | J49: Associate | K49: KC Rimbo Bujang | L49: 3395 | M49: Peserta Magang
A50: M334560125 | B50: TELLER | C50: 392965 | D50: UN | E50: M. Rafly Tri Harnanda | F50: Teller | G50: U_5725_SUNGAI BENGKAL | H50: Region 04 Palembang | I50: TERAS SIMPANG NIAM | J50: Associate | K50: KC Rimbo Bujang | L50: 5725 | M50: Peserta Magang
A51: 0 | B51: TELLER | C51: 410747 | D51: UN | E51: Ayu Wulandari | F51: Teller | G51: U_3554_MUARA TEBO | H51: Region 04 Palembang | I51: TERAS PASAR MUARA TEBO | J51: Associate | K51: KC Rimbo Bujang | L51: 3554 | M51: Peserta Magang
A52: K522260125 | B52: CUSTOMER SERVICE | C52: 375919 | D52: UN | E52: Hafizah Nur Fadilla | F52: Customer Service | G52: U_3373_SAROLANGUN | H52: Region 04 Palembang | I52: TERAS PASAR SAROLANGUN | J52: Associate | K52: KC Sarolangun | L52: 3373 | M52: Kontrak Teller/CS
A53: K522270125 | B53: CUSTOMER SERVICE | C53: 375921 | D53: UN | E53: Munawaroh | F53: Customer Service | G53: U_5604_SINGKUT | H53: Region 04 Palembang | I53: TERAS PASAR SINGKUT | J53: Associate | K53: KC Sarolangun | L53: 5604 | M53: Kontrak Teller/CS
A54: 0 | B54: CUSTOMER SERVICE | C54: 396869 | D54: UN | E54: Naufal Farhan | F54: Customer Service | G54: U_8062_LIMBUR | H54: Region 04 Palembang | I54: TERAS TANAH ABANG | J54: Associate | K54: KC Sarolangun | L54: 8062 | M54: Kontrak Teller/CS
A55: M278500125 | B55: TELLER | C55: 376741 | D55: UN | E55: Devin Arnouly Putra | F55: Teller | G55: U_8062_LIMBUR | H55: Region 04 Palembang | I55: TERAS TANAH ABANG | J55: Associate | K55: KC Sarolangun | L55: 8062 | M55: Peserta Magang
A56: M291730025 | B56: TELLER | C56: 380784 | D56: UN | E56: Uhuta Unggul Sabila | F56: Teller | G56: U_5604_SINGKUT | H56: Region 04 Palembang | I56: TERAS PASAR SINGKUT | J56: Associate | K56: KC Sarolangun | L56: 5604 | M56: Peserta Magang
A57: M317370225 | B57: TELLER | C57: 385410 | D57: UN | E57: Danisa Alzura Olpelda | F57: Teller | G57: U_3373_SAROLANGUN | H57: Region 04 Palembang | I57: TERAS PASAR SAROLANGUN | J57: Associate | K57: KC Sarolangun | L57: 3373 | M57: Peserta Magang
A58: - | B58: CUSTOMER SERVICE | C58: 400751 | D58: UN | E58: Muhammad Bagus | F58: Customer Service | G58: U_5806_PASAR BAWAH | H58: Region 04 Palembang | I58: TERAS GANG KIMTING | J58: Associate | K58: KC Tanjung Pandan | L58: 5806 | M58: Kontrak Teller/CS
A59: 0 | B59: TELLER | C59: 403329 | D59: UN | E59: Dwi Syalwah Safitri | F59: Teller | G59: U_5806_PASAR BAWAH | H59: Region 04 Palembang | I59: TERAS GANG KIMTING | J59: Associate | K59: KC Tanjung Pandan | L59: 5806 | M59: Peserta Magang
